timeStamp,elapsed,label,responseCode,responseMessage,threadName,dataType,success,failureMessage,bytes,sentBytes,grpThreads,allThreads,Latency,IdleTime,Connect
1523864281419,288, /api/login/,200,OK,EventKit User 1-9,text,true,,6166,140,10,10,191,0,71
1523864281419,288, /api/login/,200,OK,EventKit User 1-1,text,true,,6166,140,10,10,140,0,71
1523864281419,288, /api/login/,200,OK,EventKit User 1-7,text,true,,6164,140,10,10,197,0,71
1523864281419,288, /api/login/,200,OK,EventKit User 1-8,text,true,,6164,140,10,10,130,0,71
1523864281419,288, /api/login/,200,OK,EventKit User 1-4,text,true,,6166,140,10,10,158,0,71
1523864281419,288, /api/login/,200,OK,EventKit User 1-10,text,true,,6168,140,10,10,209,0,71
1523864281420,288, /api/login/,200,OK,EventKit User 1-2,text,true,,6166,140,10,10,235,0,70
1523864281367,288, /api/login/,200,"Number of samples in transaction : 1, number of failing samples : 0",EventKit User 1-7,,true,,6164,140,10,10,197,53,71
1523864281372,288, /api/login/,200,"Number of samples in transaction : 1, number of failing samples : 0",EventKit User 1-10,,true,,6168,140,10,10,209,48,71
1523864281362,288, /api/login/,200,"Number of samples in transaction : 1, number of failing samples : 0",EventKit User 1-2,,true,,6166,140,10,10,235,59,70
1523864281419,288, /api/login/,200,OK,EventKit User 1-5,text,true,,6162,140,10,10,242,0,71
1523864281363,288, /api/login/,200,"Number of samples in transaction : 1, number of failing samples : 0",EventKit User 1-5,,true,,6162,140,10,10,242,58,71
1523864281362,288, /api/login/,200,"Number of samples in transaction : 1, number of failing samples : 0",EventKit User 1-4,,true,,6166,140,10,10,158,59,71
1523864281371,288, /api/login/,200,"Number of samples in transaction : 1, number of failing samples : 0",EventKit User 1-9,,true,,6166,140,10,10,191,50,71
1523864281369,288, /api/login/,200,"Number of samples in transaction : 1, number of failing samples : 0",EventKit User 1-8,,true,,6164,140,10,10,130,53,71
1523864281362,288, /api/login/,200,"Number of samples in transaction : 1, number of failing samples : 0",EventKit User 1-1,,true,,6166,140,10,10,140,60,71
1523864281419,304, /api/login/,200,OK,EventKit User 1-6,text,true,,6166,140,10,10,292,0,71
1523864281419,305, /api/login/,200,OK,EventKit User 1-3,text,true,,6166,140,10,10,297,0,71
1523864281365,304, /api/login/,200,"Number of samples in transaction : 1, number of failing samples : 0",EventKit User 1-6,,true,,6166,140,10,10,292,55,71
1523864281363,305, /api/login/,200,"Number of samples in transaction : 1, number of failing samples : 0",EventKit User 1-3,,true,,6166,140,10,10,297,56,71
1523864281710,715, /api/login/?next=/api/docs,200,OK,EventKit User 1-9,text,true,,41675,1270,10,10,514,0,0
1523864281724,843, /api/login/?next=/api/docs,200,OK,EventKit User 1-3,text,true,,41661,1200,10,10,502,0,0
1523864281710,1010, /api/login/?next=/api/docs,200,OK,EventKit User 1-7,text,true,,41667,1214,10,10,505,0,0
1523864281710,1154, /api/login/?next=/api/docs,200,OK,EventKit User 1-2,text,true,,41677,1235,10,10,515,0,0
1523864281710,1316, /api/login/?next=/api/docs,200,OK,EventKit User 1-1,text,true,,41667,1256,10,10,521,0,0
1523864281710,1435, /api/login/?next=/api/docs,200,OK,EventKit User 1-5,text,true,,41661,1207,10,10,530,0,0
1523864281710,1597, /api/login/?next=/api/docs,200,OK,EventKit User 1-8,text,true,,41666,1256,10,10,530,0,0
1523864282426,1060, /api/docs,200,OK,EventKit User 1-9,text,true,,40594,283,10,10,1052,0,0
1523864281710,1996, /api/login/?next=/api/docs,200,OK,EventKit User 1-10,text,true,,41656,1242,10,10,541,0,0
1523864281710,2122, /api/login/?next=/api/docs,200,OK,EventKit User 1-4,text,true,,41654,1235,10,10,552,0,0
1523864281724,2257, /api/login/?next=/api/docs,200,OK,EventKit User 1-6,text,true,,41661,1207,10,10,530,0,0
1523864282721,1421, /api/docs,200,OK,EventKit User 1-7,text,true,,40586,283,10,10,1418,0,0
1523864283146,1151, /api/docs,200,OK,EventKit User 1-5,text,true,,40598,283,10,10,1146,0,0
1523864282568,1904, /api/docs,200,OK,EventKit User 1-3,text,true,,40600,283,10,10,1888,0,0
1523864282864,1721, /api/docs,200,OK,EventKit User 1-2,text,true,,40602,283,10,10,1715,0,0
1523864283027,1700, /api/docs,200,OK,EventKit User 1-1,text,true,,40608,283,10,10,1695,0,0
1523864283707,1216, /api/docs,200,OK,EventKit User 1-10,text,true,,40609,283,10,10,1186,0,12
1523864283308,1726, /api/docs,200,OK,EventKit User 1-8,text,true,,40607,283,10,10,1720,0,0
1523864284586,591, /api/formats,200,OK,EventKit User 1-2,text,true,,2789,365,10,10,590,0,17
1523864283486,1694, /api/formats,200,OK,EventKit User 1-9,text,true,,2790,365,10,10,1694,0,9
1523864283982,1204, /api/docs,200,OK,EventKit User 1-6,text,true,,40608,283,10,10,1188,0,8
1523864284142,1185, /api/formats,200,OK,EventKit User 1-7,text,true,,2788,365,10,10,1185,0,12
1523864283833,1497, /api/docs,200,OK,EventKit User 1-4,text,true,,40601,283,10,10,1484,0,7
1523864284298,1043, /api/formats,200,OK,EventKit User 1-5,text,true,,2788,365,10,10,1043,0,22
1523864284472,873, /api/formats,200,OK,EventKit User 1-3,text,true,,2790,365,10,10,872,0,20
1523864284924,463, /api/formats,200,OK,EventKit User 1-10,text,true,,2791,365,10,10,462,0,0
1523864285187,202, /api/formats,200,OK,EventKit User 1-6,text,true,,2789,365,10,10,201,0,0
1523864285035,367, /api/formats,200,OK,EventKit User 1-8,text,true,,2790,365,10,10,366,0,9
1523864284727,680, /api/formats,200,OK,EventKit User 1-1,text,true,,2790,365,10,10,680,0,11
1523864285331,153, /api/formats,200,OK,EventKit User 1-4,text,true,,2790,365,10,10,152,0,0
1523864285181,819, /api/jobs,206,Partial Content,EventKit User 1-9,text,true,,17829,392,10,10,810,0,0
1523864285178,827, /api/jobs,206,Partial Content,EventKit User 1-2,text,true,,17835,392,10,10,816,0,0
1523864285328,981, /api/jobs,206,Partial Content,EventKit User 1-7,text,true,,17820,392,10,10,970,0,0
1523864285345,965, /api/jobs,206,Partial Content,EventKit User 1-3,text,true,,17836,392,10,10,958,0,0
1523864285342,997, /api/jobs,206,Partial Content,EventKit User 1-5,text,true,,17834,392,10,10,983,0,0
1523864285408,943, /api/jobs,206,Partial Content,EventKit User 1-1,text,true,,17843,392,10,10,929,0,0
1523864285387,969, /api/jobs,206,Partial Content,EventKit User 1-10,text,true,,17844,392,10,10,967,0,0
1523864285389,970, /api/jobs,206,Partial Content,EventKit User 1-6,text,true,,17837,392,10,10,968,0,0
1523864285484,904, /api/jobs,206,Partial Content,EventKit User 1-4,text,true,,17836,392,10,10,902,0,0
1523864285402,989, /api/jobs,206,Partial Content,EventKit User 1-8,text,true,,17830,392,10,10,978,0,0
1523864286001,832, /api/jobs,202,Accepted,EventKit User 1-9,text,true,,24539,2876,10,10,779,0,11
1523864286006,827, /api/jobs,202,Accepted,EventKit User 1-2,text,true,,24560,2876,10,10,805,0,0
1523864286310,523, /api/jobs,202,Accepted,EventKit User 1-3,text,true,,24546,2876,10,10,512,0,0
1523864286357,512, /api/jobs,202,Accepted,EventKit User 1-10,text,true,,24555,2876,10,10,494,0,17
1523864286310,583, /api/jobs,202,Accepted,EventKit User 1-7,text,true,,24552,2876,10,10,570,0,17
1523864286351,542, /api/jobs,202,Accepted,EventKit User 1-1,text,true,,24553,2876,10,10,537,0,0
1523864286391,526, /api/jobs,202,Accepted,EventKit User 1-8,text,true,,24553,2876,10,10,523,0,0
1523864286359,564, /api/jobs,202,Accepted,EventKit User 1-6,text,true,,24560,2876,10,10,547,0,12
1523864286339,634, /api/jobs,202,Accepted,EventKit User 1-5,text,true,,24556,2876,10,10,592,0,14
1523864286388,629, /api/jobs,202,Accepted,EventKit User 1-4,text,true,,24560,2876,10,10,568,0,11
1523864297982,606,/api/runs?job_uid=297206f0-dff0-4dcc-8d6a-fcc02880b446,200,OK,EventKit User 1-1,text,true,,7218,534,10,10,605,0,10
1523864297982,606,/api/runs?job_uid=3780671c-a774-4222-bcf1-9730f362ce69,200,OK,EventKit User 1-8,text,true,,7218,534,10,10,605,0,8
1523864297982,627,/api/runs?job_uid=a901d8ef-37a0-474e-9451-38bacc2cbdf9,200,OK,EventKit User 1-2,text,true,,7217,534,10,10,623,0,10
1523864297982,627,/api/runs?job_uid=b96cf5ab-b949-41a4-b18d-8a887d86ecaf,200,OK,EventKit User 1-6,text,true,,7216,534,10,10,627,0,9
1523864297982,642,/api/runs?job_uid=a1118865-6274-471f-b734-fb9d24917276,200,OK,EventKit User 1-9,text,true,,7217,534,10,10,641,0,8
1523864297982,660,/api/runs?job_uid=d6137e9c-cc4c-4277-9227-9721d6e9031e,200,OK,EventKit User 1-3,text,true,,7221,534,10,10,657,0,10
1523864297982,660,/api/runs?job_uid=094090c2-8118-4242-9275-cc2f98fcbec8,200,OK,EventKit User 1-7,text,true,,7216,534,10,10,660,0,9
1523864297982,663,/api/runs?job_uid=0ae9a1de-f2ef-4cfb-bc52-e87a53d60aad,200,OK,EventKit User 1-10,text,true,,7219,534,10,10,663,0,10
1523864298034,619,/api/runs?job_uid=9eeea22a-2710-482f-9a67-8e14513260a3,200,OK,EventKit User 1-4,text,true,,7216,534,10,10,616,0,9
1523864297992,667,/api/runs?job_uid=d9eba8b2-1119-481d-b817-a433aecac6bb,200,OK,EventKit User 1-5,text,true,,7216,534,10,10,665,0,28
1523864309629,634,/api/runs?job_uid=a901d8ef-37a0-474e-9451-38bacc2cbdf9,200,OK,EventKit User 1-2,text,true,,7263,534,10,10,634,0,30
1523864309618,645,/api/runs?job_uid=3780671c-a774-4222-bcf1-9730f362ce69,200,OK,EventKit User 1-8,text,true,,7264,534,10,10,645,0,13
1523864309629,636,/api/runs?job_uid=b96cf5ab-b949-41a4-b18d-8a887d86ecaf,200,OK,EventKit User 1-6,text,true,,7264,534,10,10,635,0,30
1523864309618,648,/api/runs?job_uid=297206f0-dff0-4dcc-8d6a-fcc02880b446,200,OK,EventKit User 1-1,text,true,,7262,534,10,10,647,0,13
1523864309649,636,/api/runs?job_uid=a1118865-6274-471f-b734-fb9d24917276,200,OK,EventKit User 1-9,text,true,,7263,534,10,10,634,0,44
1523864309679,646,/api/runs?job_uid=d9eba8b2-1119-481d-b817-a433aecac6bb,200,OK,EventKit User 1-5,text,true,,7258,534,10,10,645,0,9
1523864309664,707,/api/runs?job_uid=d6137e9c-cc4c-4277-9227-9721d6e9031e,200,OK,EventKit User 1-3,text,true,,7267,534,10,10,697,0,24
1523864309664,711,/api/runs?job_uid=0ae9a1de-f2ef-4cfb-bc52-e87a53d60aad,200,OK,EventKit User 1-10,text,true,,7265,534,10,10,710,0,24
1523864309664,727,/api/runs?job_uid=094090c2-8118-4242-9275-cc2f98fcbec8,200,OK,EventKit User 1-7,text,true,,7262,534,10,10,715,0,29
1523864309679,743,/api/runs?job_uid=9eeea22a-2710-482f-9a67-8e14513260a3,200,OK,EventKit User 1-4,text,true,,7264,534,10,10,742,0,14
1523864321289,393,/api/runs?job_uid=a901d8ef-37a0-474e-9451-38bacc2cbdf9,200,OK,EventKit User 1-2,text,true,,7265,534,10,10,389,0,31
1523864321289,576,/api/runs?job_uid=3780671c-a774-4222-bcf1-9730f362ce69,200,OK,EventKit User 1-8,text,true,,7262,534,10,10,575,0,31
1523864321345,575,/api/runs?job_uid=d9eba8b2-1119-481d-b817-a433aecac6bb,200,OK,EventKit User 1-5,text,true,,7262,534,10,10,574,0,38
1523864321289,651,/api/runs?job_uid=297206f0-dff0-4dcc-8d6a-fcc02880b446,200,OK,EventKit User 1-1,text,true,,7260,534,10,10,651,0,70
1523864321303,644,/api/runs?job_uid=a1118865-6274-471f-b734-fb9d24917276,200,OK,EventKit User 1-9,text,true,,7263,534,10,10,642,0,56
1523864321289,690,/api/runs?job_uid=b96cf5ab-b949-41a4-b18d-8a887d86ecaf,200,OK,EventKit User 1-6,text,true,,7262,534,10,10,689,0,70
1523864321394,628,/api/runs?job_uid=d6137e9c-cc4c-4277-9227-9721d6e9031e,200,OK,EventKit User 1-3,text,true,,7265,534,10,10,627,0,23
1523864321411,637,/api/runs?job_uid=094090c2-8118-4242-9275-cc2f98fcbec8,200,OK,EventKit User 1-7,text,true,,7260,534,10,10,636,0,43
1523864321394,665,/api/runs?job_uid=0ae9a1de-f2ef-4cfb-bc52-e87a53d60aad,200,OK,EventKit User 1-10,text,true,,7263,534,10,10,665,0,23
1523864321454,611,/api/runs?job_uid=9eeea22a-2710-482f-9a67-8e14513260a3,200,OK,EventKit User 1-4,text,true,,7264,534,10,10,611,0,31
1523864332700,180,/api/runs?job_uid=a901d8ef-37a0-474e-9451-38bacc2cbdf9,200,OK,EventKit User 1-2,text,true,,7263,534,10,10,179,0,11
1523864332880,221,/api/runs?job_uid=3780671c-a774-4222-bcf1-9730f362ce69,200,OK,EventKit User 1-8,text,true,,7262,534,10,10,220,0,10
1523864332959,652,/api/runs?job_uid=297206f0-dff0-4dcc-8d6a-fcc02880b446,200,OK,EventKit User 1-1,text,true,,7262,534,10,10,652,0,15
1523864332961,650,/api/runs?job_uid=a1118865-6274-471f-b734-fb9d24917276,200,OK,EventKit User 1-9,text,true,,7263,534,10,10,650,0,13
1523864333070,542,/api/runs?job_uid=0ae9a1de-f2ef-4cfb-bc52-e87a53d60aad,200,OK,EventKit User 1-10,text,true,,7267,534,10,10,541,0,10
1523864333043,569,/api/runs?job_uid=d6137e9c-cc4c-4277-9227-9721d6e9031e,200,OK,EventKit User 1-3,text,true,,7263,534,10,10,568,0,11
1523864333066,547,/api/runs?job_uid=094090c2-8118-4242-9275-cc2f98fcbec8,200,OK,EventKit User 1-7,text,true,,7262,534,10,10,546,0,7
1523864333076,537,/api/runs?job_uid=9eeea22a-2710-482f-9a67-8e14513260a3,200,OK,EventKit User 1-4,text,true,,7262,534,10,10,536,0,10
1523864332937,674,/api/runs?job_uid=d9eba8b2-1119-481d-b817-a433aecac6bb,200,OK,EventKit User 1-5,text,true,,7258,534,10,10,674,0,22
1523864332989,625,/api/runs?job_uid=b96cf5ab-b949-41a4-b18d-8a887d86ecaf,200,OK,EventKit User 1-6,text,true,,7262,534,10,10,625,0,12
1523864343901,122,/api/runs?job_uid=a901d8ef-37a0-474e-9451-38bacc2cbdf9,200,OK,EventKit User 1-2,text,true,,7265,534,10,10,121,0,9
1523864344119,130,/api/runs?job_uid=3780671c-a774-4222-bcf1-9730f362ce69,200,OK,EventKit User 1-8,text,true,,7264,534,10,10,128,0,17
1523864344642,333,/api/runs?job_uid=0ae9a1de-f2ef-4cfb-bc52-e87a53d60aad,200,OK,EventKit User 1-10,text,true,,7263,534,10,10,326,0,31
1523864344632,408,/api/runs?job_uid=094090c2-8118-4242-9275-cc2f98fcbec8,200,OK,EventKit User 1-7,text,true,,7262,534,10,10,408,0,42
1523864344632,408,/api/runs?job_uid=d6137e9c-cc4c-4277-9227-9721d6e9031e,200,OK,EventKit User 1-3,text,true,,7263,534,10,10,404,0,41
1523864344632,533,/api/runs?job_uid=a1118865-6274-471f-b734-fb9d24917276,200,OK,EventKit User 1-9,text,true,,7265,534,10,10,528,0,43
1523864344632,533,/api/runs?job_uid=297206f0-dff0-4dcc-8d6a-fcc02880b446,200,OK,EventKit User 1-1,text,true,,7264,534,10,10,533,0,43
1523864344632,533,/api/runs?job_uid=9eeea22a-2710-482f-9a67-8e14513260a3,200,OK,EventKit User 1-4,text,true,,7262,534,10,10,533,0,43
1523864344632,537,/api/runs?job_uid=b96cf5ab-b949-41a4-b18d-8a887d86ecaf,200,OK,EventKit User 1-6,text,true,,7262,534,10,10,536,0,43
1523864344632,551,/api/runs?job_uid=d9eba8b2-1119-481d-b817-a433aecac6bb,200,OK,EventKit User 1-5,text,true,,7260,534,10,10,550,0,44
1523864355038,155,/api/runs?job_uid=a901d8ef-37a0-474e-9451-38bacc2cbdf9,200,OK,EventKit User 1-2,text,true,,7265,534,10,10,153,0,17
1523864355265,153,/api/runs?job_uid=3780671c-a774-4222-bcf1-9730f362ce69,200,OK,EventKit User 1-8,text,true,,7264,534,10,10,153,0,11
1523864355989,142,/api/runs?job_uid=0ae9a1de-f2ef-4cfb-bc52-e87a53d60aad,200,OK,EventKit User 1-10,text,true,,7263,534,10,10,140,0,20
1523864356060,174,/api/runs?job_uid=094090c2-8118-4242-9275-cc2f98fcbec8,200,OK,EventKit User 1-7,text,true,,7262,534,10,10,172,0,11
1523864356060,178,/api/runs?job_uid=d6137e9c-cc4c-4277-9227-9721d6e9031e,200,OK,EventKit User 1-3,text,true,,7263,534,10,10,177,0,13
1523864356176,478,/api/runs?job_uid=a1118865-6274-471f-b734-fb9d24917276,200,OK,EventKit User 1-9,text,true,,7263,534,10,10,476,0,11
1523864356191,464,/api/runs?job_uid=d9eba8b2-1119-481d-b817-a433aecac6bb,200,OK,EventKit User 1-5,text,true,,7258,534,10,10,463,0,8
1523864356182,473,/api/runs?job_uid=9eeea22a-2710-482f-9a67-8e14513260a3,200,OK,EventKit User 1-4,text,true,,7262,534,10,10,472,0,14
1523864356182,473,/api/runs?job_uid=b96cf5ab-b949-41a4-b18d-8a887d86ecaf,200,OK,EventKit User 1-6,text,true,,7264,534,10,10,472,0,14
1523864356176,479,/api/runs?job_uid=297206f0-dff0-4dcc-8d6a-fcc02880b446,200,OK,EventKit User 1-1,text,true,,7262,534,10,10,478,0,7
1523864366214,149,/api/runs?job_uid=a901d8ef-37a0-474e-9451-38bacc2cbdf9,200,OK,EventKit User 1-2,text,true,,7265,534,10,10,149,0,12
1523864366438,120,/api/runs?job_uid=3780671c-a774-4222-bcf1-9730f362ce69,200,OK,EventKit User 1-8,text,true,,7264,534,10,10,119,0,11
1523864367152,137,/api/runs?job_uid=0ae9a1de-f2ef-4cfb-bc52-e87a53d60aad,200,OK,EventKit User 1-10,text,true,,7263,534,10,10,136,0,28
1523864367256,153,/api/runs?job_uid=d6137e9c-cc4c-4277-9227-9721d6e9031e,200,OK,EventKit User 1-3,text,true,,7263,534,10,10,152,0,13
1523864367255,157,/api/runs?job_uid=094090c2-8118-4242-9275-cc2f98fcbec8,200,OK,EventKit User 1-7,text,true,,7262,534,10,10,154,0,14
1523864367674,216,/api/runs?job_uid=9eeea22a-2710-482f-9a67-8e14513260a3,200,OK,EventKit User 1-4,text,true,,7264,534,10,10,214,0,12
1523864367674,241,/api/runs?job_uid=297206f0-dff0-4dcc-8d6a-fcc02880b446,200,OK,EventKit User 1-1,text,true,,7262,534,10,10,240,0,12
1523864367674,285,/api/runs?job_uid=d9eba8b2-1119-481d-b817-a433aecac6bb,200,OK,EventKit User 1-5,text,true,,7260,534,10,10,283,0,12
1523864367674,300,/api/runs?job_uid=b96cf5ab-b949-41a4-b18d-8a887d86ecaf,200,OK,EventKit User 1-6,text,true,,7264,534,10,10,300,0,12
1523864367674,328,/api/runs?job_uid=a1118865-6274-471f-b734-fb9d24917276,200,OK,EventKit User 1-9,text,true,,7263,534,10,10,327,0,14
1523864377378,129,/api/runs?job_uid=a901d8ef-37a0-474e-9451-38bacc2cbdf9,200,OK,EventKit User 1-2,text,true,,7265,534,10,10,128,0,12
1523864377576,178,/api/runs?job_uid=3780671c-a774-4222-bcf1-9730f362ce69,200,OK,EventKit User 1-8,text,true,,7264,534,10,10,176,0,21
1523864378308,115,/api/runs?job_uid=0ae9a1de-f2ef-4cfb-bc52-e87a53d60aad,200,OK,EventKit User 1-10,text,true,,7263,534,10,10,115,0,9
1523864378429,236,/api/runs?job_uid=094090c2-8118-4242-9275-cc2f98fcbec8,200,OK,EventKit User 1-7,text,true,,7260,534,10,10,230,0,13
1523864378429,237,/api/runs?job_uid=d6137e9c-cc4c-4277-9227-9721d6e9031e,200,OK,EventKit User 1-3,text,true,,7265,534,10,10,236,0,13
1523864378905,138,/api/runs?job_uid=9eeea22a-2710-482f-9a67-8e14513260a3,200,OK,EventKit User 1-4,text,true,,7262,534,10,10,137,0,8
1523864378928,212,/api/runs?job_uid=297206f0-dff0-4dcc-8d6a-fcc02880b446,200,OK,EventKit User 1-1,text,true,,7260,534,10,10,211,0,8
1523864378983,212,/api/runs?job_uid=b96cf5ab-b949-41a4-b18d-8a887d86ecaf,200,OK,EventKit User 1-6,text,true,,7268,534,10,10,211,0,8
1523864378971,229,/api/runs?job_uid=d9eba8b2-1119-481d-b817-a433aecac6bb,200,OK,EventKit User 1-5,text,true,,7258,534,10,10,226,0,10
1523864379015,219,/api/runs?job_uid=a1118865-6274-471f-b734-fb9d24917276,200,OK,EventKit User 1-9,text,true,,7263,534,10,10,219,0,11
1523864388521,160,/api/runs?job_uid=a901d8ef-37a0-474e-9451-38bacc2cbdf9,200,OK,EventKit User 1-2,text,true,,7267,534,10,10,158,0,28
1523864388773,119,/api/runs?job_uid=3780671c-a774-4222-bcf1-9730f362ce69,200,OK,EventKit User 1-8,text,true,,7264,534,10,10,117,0,9
1523864389438,165,/api/runs?job_uid=0ae9a1de-f2ef-4cfb-bc52-e87a53d60aad,200,OK,EventKit User 1-10,text,true,,7265,534,10,10,165,0,50
1523864389682,150,/api/runs?job_uid=d6137e9c-cc4c-4277-9227-9721d6e9031e,200,OK,EventKit User 1-3,text,true,,7263,534,10,10,149,0,7
1523864389682,151,/api/runs?job_uid=094090c2-8118-4242-9275-cc2f98fcbec8,200,OK,EventKit User 1-7,text,true,,7262,534,10,10,150,0,9
1523864390059,121,/api/runs?job_uid=9eeea22a-2710-482f-9a67-8e14513260a3,200,OK,EventKit User 1-4,text,true,,7264,534,10,10,119,0,8
1523864390158,139,/api/runs?job_uid=297206f0-dff0-4dcc-8d6a-fcc02880b446,200,OK,EventKit User 1-1,text,true,,7262,534,10,10,139,0,13
1523864390210,186,/api/runs?job_uid=b96cf5ab-b949-41a4-b18d-8a887d86ecaf,200,OK,EventKit User 1-6,text,true,,7262,534,10,10,185,0,9
1523864390210,199,/api/runs?job_uid=d9eba8b2-1119-481d-b817-a433aecac6bb,200,OK,EventKit User 1-5,text,true,,7260,534,10,10,198,0,10
1523864390254,187,/api/runs?job_uid=a1118865-6274-471f-b734-fb9d24917276,200,OK,EventKit User 1-9,text,true,,7265,534,10,10,187,0,13
1523864399694,139,/api/runs?job_uid=a901d8ef-37a0-474e-9451-38bacc2cbdf9,200,OK,EventKit User 1-2,text,true,,7267,534,10,10,139,0,26
1523864399908,132,/api/runs?job_uid=3780671c-a774-4222-bcf1-9730f362ce69,200,OK,EventKit User 1-8,text,true,,7266,534,10,10,131,0,11
1523864400616,159,/api/runs?job_uid=0ae9a1de-f2ef-4cfb-bc52-e87a53d60aad,200,OK,EventKit User 1-10,text,true,,7263,534,10,10,157,0,16
1523864400868,238,/api/runs?job_uid=d6137e9c-cc4c-4277-9227-9721d6e9031e,200,OK,EventKit User 1-3,text,true,,7263,534,10,10,237,0,20
1523864400868,240,/api/runs?job_uid=094090c2-8118-4242-9275-cc2f98fcbec8,200,OK,EventKit User 1-7,text,true,,7262,534,10,10,237,0,21
1523864401194,157,/api/runs?job_uid=9eeea22a-2710-482f-9a67-8e14513260a3,200,OK,EventKit User 1-4,text,true,,7264,534,10,10,141,0,27
1523864401317,138,/api/runs?job_uid=297206f0-dff0-4dcc-8d6a-fcc02880b446,200,OK,EventKit User 1-1,text,true,,7262,534,10,10,134,0,11
1523864401417,157,/api/runs?job_uid=d9eba8b2-1119-481d-b817-a433aecac6bb,200,OK,EventKit User 1-5,text,true,,7260,534,10,10,155,0,7
1523864401412,253,/api/runs?job_uid=b96cf5ab-b949-41a4-b18d-8a887d86ecaf,200,OK,EventKit User 1-6,text,true,,7262,534,10,10,252,0,13
1523864401451,286,/api/runs?job_uid=a1118865-6274-471f-b734-fb9d24917276,200,OK,EventKit User 1-9,text,true,,7265,534,10,10,284,0,25
1523864410847,156,/api/runs?job_uid=a901d8ef-37a0-474e-9451-38bacc2cbdf9,200,OK,EventKit User 1-2,text,true,,7265,534,10,10,155,0,17
1523864411053,110,/api/runs?job_uid=3780671c-a774-4222-bcf1-9730f362ce69,200,OK,EventKit User 1-8,text,true,,7266,534,10,10,108,0,6
1523864411795,127,/api/runs?job_uid=0ae9a1de-f2ef-4cfb-bc52-e87a53d60aad,200,OK,EventKit User 1-10,text,true,,7267,534,10,10,125,0,11
1523864412126,147,/api/runs?job_uid=094090c2-8118-4242-9275-cc2f98fcbec8,200,OK,EventKit User 1-7,text,true,,7262,534,10,10,144,0,8
1523864412126,147,/api/runs?job_uid=d6137e9c-cc4c-4277-9227-9721d6e9031e,200,OK,EventKit User 1-3,text,true,,7267,534,10,10,147,0,8
1523864412367,116,/api/runs?job_uid=9eeea22a-2710-482f-9a67-8e14513260a3,200,OK,EventKit User 1-4,text,true,,7266,534,10,10,116,0,10
1523864412474,115,/api/runs?job_uid=297206f0-dff0-4dcc-8d6a-fcc02880b446,200,OK,EventKit User 1-1,text,true,,7266,534,10,10,113,0,12
1523864412589,125,/api/runs?job_uid=d9eba8b2-1119-481d-b817-a433aecac6bb,200,OK,EventKit User 1-5,text,true,,7262,534,10,10,124,0,9
1523864412675,122,/api/runs?job_uid=b96cf5ab-b949-41a4-b18d-8a887d86ecaf,200,OK,EventKit User 1-6,text,true,,7268,534,10,10,121,0,8
1523864412747,135,/api/runs?job_uid=a1118865-6274-471f-b734-fb9d24917276,200,OK,EventKit User 1-9,text,true,,7271,534,10,10,134,0,11
1523864422012,162,/api/runs?job_uid=a901d8ef-37a0-474e-9451-38bacc2cbdf9,200,OK,EventKit User 1-2,text,true,,7265,534,10,10,161,0,36
1523864422176,112,/api/runs?job_uid=3780671c-a774-4222-bcf1-9730f362ce69,200,OK,EventKit User 1-8,text,true,,7264,534,10,10,111,0,9
1523864422938,168,/api/runs?job_uid=0ae9a1de-f2ef-4cfb-bc52-e87a53d60aad,200,OK,EventKit User 1-10,text,true,,7269,534,10,10,168,0,15
1523864423286,143,/api/runs?job_uid=d6137e9c-cc4c-4277-9227-9721d6e9031e,200,OK,EventKit User 1-3,text,true,,7267,534,10,10,140,0,9
1523864423286,144,/api/runs?job_uid=094090c2-8118-4242-9275-cc2f98fcbec8,200,OK,EventKit User 1-7,text,true,,7264,534,10,10,143,0,9
1523864423494,125,/api/runs?job_uid=9eeea22a-2710-482f-9a67-8e14513260a3,200,OK,EventKit User 1-4,text,true,,7266,534,10,10,125,0,12
1523864423605,119,/api/runs?job_uid=297206f0-dff0-4dcc-8d6a-fcc02880b446,200,OK,EventKit User 1-1,text,true,,7262,534,10,10,117,0,14
1523864423727,112,/api/runs?job_uid=d9eba8b2-1119-481d-b817-a433aecac6bb,200,OK,EventKit User 1-5,text,true,,7262,534,10,10,110,0,6
1523864423808,121,/api/runs?job_uid=b96cf5ab-b949-41a4-b18d-8a887d86ecaf,200,OK,EventKit User 1-6,text,true,,7266,534,10,10,121,0,14
1523864423901,118,/api/runs?job_uid=a1118865-6274-471f-b734-fb9d24917276,200,OK,EventKit User 1-9,text,true,,7265,534,10,10,117,0,10
1523864433186,153,/api/runs?job_uid=a901d8ef-37a0-474e-9451-38bacc2cbdf9,200,OK,EventKit User 1-2,text,true,,7269,534,10,10,150,0,22
1523864433305,132,/api/runs?job_uid=3780671c-a774-4222-bcf1-9730f362ce69,200,OK,EventKit User 1-8,text,true,,7266,534,10,10,130,0,18
1523864434116,146,/api/runs?job_uid=0ae9a1de-f2ef-4cfb-bc52-e87a53d60aad,200,OK,EventKit User 1-10,text,true,,7267,534,10,10,146,0,15
1523864434441,142,/api/runs?job_uid=094090c2-8118-4242-9275-cc2f98fcbec8,200,OK,EventKit User 1-7,text,true,,7266,534,10,10,142,0,9
1523864434441,160,/api/runs?job_uid=d6137e9c-cc4c-4277-9227-9721d6e9031e,200,OK,EventKit User 1-3,text,true,,7265,534,10,10,158,0,9
1523864434632,114,/api/runs?job_uid=9eeea22a-2710-482f-9a67-8e14513260a3,200,OK,EventKit User 1-4,text,true,,7264,534,10,10,113,0,10
1523864434737,114,/api/runs?job_uid=297206f0-dff0-4dcc-8d6a-fcc02880b446,200,OK,EventKit User 1-1,text,true,,7262,534,10,10,114,0,12
1523864434852,117,/api/runs?job_uid=d9eba8b2-1119-481d-b817-a433aecac6bb,200,OK,EventKit User 1-5,text,true,,7262,534,10,10,114,0,9
1523864434940,135,/api/runs?job_uid=b96cf5ab-b949-41a4-b18d-8a887d86ecaf,200,OK,EventKit User 1-6,text,true,,7268,534,10,10,134,0,29
1523864435033,133,/api/runs?job_uid=a1118865-6274-471f-b734-fb9d24917276,200,OK,EventKit User 1-9,text,true,,7267,534,10,10,132,0,17
1523864444353,193,/api/runs?job_uid=a901d8ef-37a0-474e-9451-38bacc2cbdf9,200,OK,EventKit User 1-2,text,true,,7265,534,10,10,191,0,48
1523864444454,181,/api/runs?job_uid=3780671c-a774-4222-bcf1-9730f362ce69,200,OK,EventKit User 1-8,text,true,,7270,534,10,10,179,0,24
1523864445275,156,/api/runs?job_uid=0ae9a1de-f2ef-4cfb-bc52-e87a53d60aad,200,OK,EventKit User 1-10,text,true,,7265,534,10,10,155,0,7
1523864445601,246,/api/runs?job_uid=094090c2-8118-4242-9275-cc2f98fcbec8,200,OK,EventKit User 1-7,text,true,,7264,534,10,10,244,0,7
1523864445609,268,/api/runs?job_uid=d6137e9c-cc4c-4277-9227-9721d6e9031e,200,OK,EventKit User 1-3,text,true,,7269,534,10,10,267,0,9
1523864445755,225,/api/runs?job_uid=9eeea22a-2710-482f-9a67-8e14513260a3,200,OK,EventKit User 1-4,text,true,,7272,534,10,10,223,0,9
1523864445867,161,/api/runs?job_uid=297206f0-dff0-4dcc-8d6a-fcc02880b446,200,OK,EventKit User 1-1,text,true,,7262,534,10,10,160,0,9
1523864445979,128,/api/runs?job_uid=d9eba8b2-1119-481d-b817-a433aecac6bb,200,OK,EventKit User 1-5,text,true,,7264,534,10,10,127,0,9
1523864446089,123,/api/runs?job_uid=b96cf5ab-b949-41a4-b18d-8a887d86ecaf,200,OK,EventKit User 1-6,text,true,,7270,534,10,10,123,0,11
1523864446182,112,/api/runs?job_uid=a1118865-6274-471f-b734-fb9d24917276,200,OK,EventKit User 1-9,text,true,,7265,534,10,10,111,0,7
1523864455563,169,/api/runs?job_uid=a901d8ef-37a0-474e-9451-38bacc2cbdf9,200,OK,EventKit User 1-2,text,true,,7265,534,10,10,169,0,36
1523864455644,147,/api/runs?job_uid=3780671c-a774-4222-bcf1-9730f362ce69,200,OK,EventKit User 1-8,text,true,,7264,534,10,10,146,0,14
1523864456443,172,/api/runs?job_uid=0ae9a1de-f2ef-4cfb-bc52-e87a53d60aad,200,OK,EventKit User 1-10,text,true,,7267,534,10,10,171,0,38
1523864456861,143,/api/runs?job_uid=094090c2-8118-4242-9275-cc2f98fcbec8,200,OK,EventKit User 1-7,text,true,,7262,534,10,10,143,0,9
1523864456896,149,/api/runs?job_uid=d6137e9c-cc4c-4277-9227-9721d6e9031e,200,OK,EventKit User 1-3,text,true,,7269,534,10,10,148,0,10
1523864456998,142,/api/runs?job_uid=9eeea22a-2710-482f-9a67-8e14513260a3,200,OK,EventKit User 1-4,text,true,,7264,534,10,10,142,0,10
1523864457041,166,/api/runs?job_uid=297206f0-dff0-4dcc-8d6a-fcc02880b446,200,OK,EventKit User 1-1,text,true,,7262,534,10,10,166,0,11
1523864457123,145,/api/runs?job_uid=d9eba8b2-1119-481d-b817-a433aecac6bb,200,OK,EventKit User 1-5,text,true,,7262,534,10,10,144,0,9
1523864457231,155,/api/runs?job_uid=b96cf5ab-b949-41a4-b18d-8a887d86ecaf,200,OK,EventKit User 1-6,text,true,,7264,534,10,10,154,0,9
1523864457311,157,/api/runs?job_uid=a1118865-6274-471f-b734-fb9d24917276,200,OK,EventKit User 1-9,text,true,,7265,534,10,10,156,0,9
1523864466751,171,/api/runs?job_uid=a901d8ef-37a0-474e-9451-38bacc2cbdf9,200,OK,EventKit User 1-2,text,true,,7269,534,10,10,171,0,11
1523864466803,166,/api/runs?job_uid=3780671c-a774-4222-bcf1-9730f362ce69,200,OK,EventKit User 1-8,text,true,,7266,534,10,10,166,0,16
1523864467627,128,/api/runs?job_uid=0ae9a1de-f2ef-4cfb-bc52-e87a53d60aad,200,OK,EventKit User 1-10,text,true,,7271,534,10,10,126,0,11
1523864468015,186,/api/runs?job_uid=094090c2-8118-4242-9275-cc2f98fcbec8,200,OK,EventKit User 1-7,text,true,,7262,534,10,10,185,0,12
1523864468063,236,/api/runs?job_uid=d6137e9c-cc4c-4277-9227-9721d6e9031e,200,OK,EventKit User 1-3,text,true,,7265,534,10,10,235,0,23
1523864468156,206,/api/runs?job_uid=9eeea22a-2710-482f-9a67-8e14513260a3,200,OK,EventKit User 1-4,text,true,,7266,534,10,10,201,0,10
1523864468224,191,/api/runs?job_uid=297206f0-dff0-4dcc-8d6a-fcc02880b446,200,OK,EventKit User 1-1,text,true,,7264,534,10,10,183,0,10
1523864468278,196,/api/runs?job_uid=d9eba8b2-1119-481d-b817-a433aecac6bb,200,OK,EventKit User 1-5,text,true,,7262,534,10,10,196,0,25
1523864468405,186,/api/runs?job_uid=b96cf5ab-b949-41a4-b18d-8a887d86ecaf,200,OK,EventKit User 1-6,text,true,,7266,534,10,10,186,0,20
1523864468482,274,/api/runs?job_uid=a1118865-6274-471f-b734-fb9d24917276,200,OK,EventKit User 1-9,text,true,,7271,534,10,10,273,0,21
1523864477941,123,/api/runs?job_uid=a901d8ef-37a0-474e-9451-38bacc2cbdf9,200,OK,EventKit User 1-2,text,true,,7267,534,10,10,123,0,9
1523864477987,136,/api/runs?job_uid=3780671c-a774-4222-bcf1-9730f362ce69,200,OK,EventKit User 1-8,text,true,,7266,534,10,10,135,0,11
1523864478765,166,/api/runs?job_uid=0ae9a1de-f2ef-4cfb-bc52-e87a53d60aad,200,OK,EventKit User 1-10,text,true,,7265,534,10,10,166,0,51
1523864479235,124,/api/runs?job_uid=094090c2-8118-4242-9275-cc2f98fcbec8,200,OK,EventKit User 1-7,text,true,,7262,534,10,10,122,0,9
1523864479317,149,/api/runs?job_uid=d6137e9c-cc4c-4277-9227-9721d6e9031e,200,OK,EventKit User 1-3,text,true,,7267,534,10,10,148,0,10
1523864479375,172,/api/runs?job_uid=9eeea22a-2710-482f-9a67-8e14513260a3,200,OK,EventKit User 1-4,text,true,,7264,534,10,10,172,0,12
1523864479427,156,/api/runs?job_uid=297206f0-dff0-4dcc-8d6a-fcc02880b446,200,OK,EventKit User 1-1,text,true,,7264,534,10,10,155,0,14
1523864479484,185,/api/runs?job_uid=d9eba8b2-1119-481d-b817-a433aecac6bb,200,OK,EventKit User 1-5,text,true,,7262,534,10,10,184,0,40
1523864479601,135,/api/runs?job_uid=b96cf5ab-b949-41a4-b18d-8a887d86ecaf,200,OK,EventKit User 1-6,text,true,,7268,534,10,10,134,0,11
1523864479774,121,/api/runs?job_uid=a1118865-6274-471f-b734-fb9d24917276,200,OK,EventKit User 1-9,text,true,,7271,534,10,10,121,0,12
1523864489136,141,/api/runs?job_uid=3780671c-a774-4222-bcf1-9730f362ce69,200,OK,EventKit User 1-8,text,true,,7272,534,10,10,140,0,7
1523864489078,201,/api/runs?job_uid=a901d8ef-37a0-474e-9451-38bacc2cbdf9,200,OK,EventKit User 1-2,text,true,,7267,534,10,10,200,0,34
1523864489941,155,/api/runs?job_uid=0ae9a1de-f2ef-4cfb-bc52-e87a53d60aad,200,OK,EventKit User 1-10,text,true,,7269,534,10,10,154,0,30
1523864490372,146,/api/runs?job_uid=094090c2-8118-4242-9275-cc2f98fcbec8,200,OK,EventKit User 1-7,text,true,,7268,534,10,10,146,0,12
1523864490483,162,/api/runs?job_uid=d6137e9c-cc4c-4277-9227-9721d6e9031e,200,OK,EventKit User 1-3,text,true,,7265,534,10,10,159,0,13
1523864490557,198,/api/runs?job_uid=9eeea22a-2710-482f-9a67-8e14513260a3,200,OK,EventKit User 1-4,text,true,,7264,534,10,10,196,0,9
1523864490598,204,/api/runs?job_uid=297206f0-dff0-4dcc-8d6a-fcc02880b446,200,OK,EventKit User 1-1,text,true,,7262,534,10,10,203,0,13
1523864490680,229,/api/runs?job_uid=d9eba8b2-1119-481d-b817-a433aecac6bb,200,OK,EventKit User 1-5,text,true,,7262,534,10,10,226,0,11
1523864490750,218,/api/runs?job_uid=b96cf5ab-b949-41a4-b18d-8a887d86ecaf,200,OK,EventKit User 1-6,text,true,,7264,534,10,10,217,0,11
1523864490906,154,/api/runs?job_uid=a1118865-6274-471f-b734-fb9d24917276,200,OK,EventKit User 1-9,text,true,,7267,534,10,10,152,0,8
1523864500297,183,/api/runs?job_uid=3780671c-a774-4222-bcf1-9730f362ce69,200,OK,EventKit User 1-8,text,true,,7266,534,10,10,180,0,16
1523864500297,184,/api/runs?job_uid=a901d8ef-37a0-474e-9451-38bacc2cbdf9,200,OK,EventKit User 1-2,text,true,,7273,534,10,10,183,0,16
1523864501114,120,/api/runs?job_uid=0ae9a1de-f2ef-4cfb-bc52-e87a53d60aad,200,OK,EventKit User 1-10,text,true,,7267,534,10,10,118,0,7
1523864501526,132,/api/runs?job_uid=094090c2-8118-4242-9275-cc2f98fcbec8,200,OK,EventKit User 1-7,text,true,,7262,534,10,10,131,0,11
1523864501656,130,/api/runs?job_uid=d6137e9c-cc4c-4277-9227-9721d6e9031e,200,OK,EventKit User 1-3,text,true,,7265,534,10,10,125,0,14
1523864501763,136,/api/runs?job_uid=9eeea22a-2710-482f-9a67-8e14513260a3,200,OK,EventKit User 1-4,text,true,,7266,534,10,10,135,0,9
1523864501809,149,/api/runs?job_uid=297206f0-dff0-4dcc-8d6a-fcc02880b446,200,OK,EventKit User 1-1,text,true,,7262,534,10,10,147,0,12
1523864501921,124,/api/runs?job_uid=d9eba8b2-1119-481d-b817-a433aecac6bb,200,OK,EventKit User 1-5,text,true,,7260,534,10,10,122,0,11
1523864501985,143,/api/runs?job_uid=b96cf5ab-b949-41a4-b18d-8a887d86ecaf,200,OK,EventKit User 1-6,text,true,,7264,534,10,10,139,0,10
1523864502077,135,/api/runs?job_uid=a1118865-6274-471f-b734-fb9d24917276,200,OK,EventKit User 1-9,text,true,,7265,534,10,10,133,0,7
1523864511491,208,/api/runs?job_uid=a901d8ef-37a0-474e-9451-38bacc2cbdf9,200,OK,EventKit User 1-2,text,true,,7265,534,10,10,207,0,10
1523864511491,222,/api/runs?job_uid=3780671c-a774-4222-bcf1-9730f362ce69,200,OK,EventKit User 1-8,text,true,,7270,534,10,10,221,0,10
1523864512246,138,/api/runs?job_uid=0ae9a1de-f2ef-4cfb-bc52-e87a53d60aad,200,OK,EventKit User 1-10,text,true,,7265,534,10,10,137,0,22
1523864512670,124,/api/runs?job_uid=094090c2-8118-4242-9275-cc2f98fcbec8,200,OK,EventKit User 1-7,text,true,,7264,534,10,10,123,0,11
1523864512794,155,/api/runs?job_uid=d6137e9c-cc4c-4277-9227-9721d6e9031e,200,OK,EventKit User 1-3,text,true,,7267,534,10,10,154,0,9
1523864512908,260,/api/runs?job_uid=9eeea22a-2710-482f-9a67-8e14513260a3,200,OK,EventKit User 1-4,text,true,,7264,534,10,10,259,0,14
1523864512972,659,/api/runs?job_uid=297206f0-dff0-4dcc-8d6a-fcc02880b446,200,OK,EventKit User 1-1,text,true,,7264,534,10,10,658,0,8
1523864513140,491,/api/runs?job_uid=b96cf5ab-b949-41a4-b18d-8a887d86ecaf,200,OK,EventKit User 1-6,text,true,,7264,534,10,10,490,0,10
1523864513064,567,/api/runs?job_uid=d9eba8b2-1119-481d-b817-a433aecac6bb,200,OK,EventKit User 1-5,text,true,,7260,534,10,10,567,0,9
1523864513222,410,/api/runs?job_uid=a1118865-6274-471f-b734-fb9d24917276,200,OK,EventKit User 1-9,text,true,,7267,534,10,10,410,0,8
1523864522716,174,/api/runs?job_uid=a901d8ef-37a0-474e-9451-38bacc2cbdf9,200,OK,EventKit User 1-2,text,true,,7265,534,10,10,171,0,45
1523864522723,190,/api/runs?job_uid=3780671c-a774-4222-bcf1-9730f362ce69,200,OK,EventKit User 1-8,text,true,,7266,534,10,10,186,0,40
1523864523396,122,/api/runs?job_uid=0ae9a1de-f2ef-4cfb-bc52-e87a53d60aad,200,OK,EventKit User 1-10,text,true,,7267,534,10,10,120,0,9
1523864523803,133,/api/runs?job_uid=094090c2-8118-4242-9275-cc2f98fcbec8,200,OK,EventKit User 1-7,text,true,,7262,534,10,10,131,0,15
1523864523963,144,/api/runs?job_uid=d6137e9c-cc4c-4277-9227-9721d6e9031e,200,OK,EventKit User 1-3,text,true,,7265,534,10,10,143,0,8
1523864524177,124,/api/runs?job_uid=9eeea22a-2710-482f-9a67-8e14513260a3,200,OK,EventKit User 1-4,text,true,,7264,534,10,10,123,0,6
1523864524644,226,/api/runs?job_uid=297206f0-dff0-4dcc-8d6a-fcc02880b446,200,OK,EventKit User 1-1,text,true,,7262,534,10,10,225,0,9
1523864524644,260,/api/runs?job_uid=d9eba8b2-1119-481d-b817-a433aecac6bb,200,OK,EventKit User 1-5,text,true,,7260,534,10,10,260,0,13
1523864524644,265,/api/runs?job_uid=b96cf5ab-b949-41a4-b18d-8a887d86ecaf,200,OK,EventKit User 1-6,text,true,,7264,534,10,10,265,0,9
1523864524644,268,/api/runs?job_uid=a1118865-6274-471f-b734-fb9d24917276,200,OK,EventKit User 1-9,text,true,,7269,534,10,10,268,0,13
1523864533900,136,/api/runs?job_uid=a901d8ef-37a0-474e-9451-38bacc2cbdf9,200,OK,EventKit User 1-2,text,true,,7269,534,10,10,135,0,11
1523864533923,141,/api/runs?job_uid=3780671c-a774-4222-bcf1-9730f362ce69,200,OK,EventKit User 1-8,text,true,,7264,534,10,10,140,0,8
1523864534527,133,/api/runs?job_uid=0ae9a1de-f2ef-4cfb-bc52-e87a53d60aad,200,OK,EventKit User 1-10,text,true,,7265,534,10,10,133,0,14
1523864534945,162,/api/runs?job_uid=094090c2-8118-4242-9275-cc2f98fcbec8,200,OK,EventKit User 1-7,text,true,,7262,534,10,10,160,0,12
1523864535117,141,/api/runs?job_uid=d6137e9c-cc4c-4277-9227-9721d6e9031e,200,OK,EventKit User 1-3,text,true,,7269,534,10,10,139,0,10
1523864535312,157,/api/runs?job_uid=9eeea22a-2710-482f-9a67-8e14513260a3,200,OK,EventKit User 1-4,text,true,,7264,534,10,10,155,0,11
1523864535884,179,/api/runs?job_uid=297206f0-dff0-4dcc-8d6a-fcc02880b446,200,OK,EventKit User 1-1,text,true,,7262,534,10,10,177,0,11
1523864535911,285,/api/runs?job_uid=d9eba8b2-1119-481d-b817-a433aecac6bb,200,OK,EventKit User 1-5,text,true,,7262,534,10,10,285,0,11
1523864535920,308,/api/runs?job_uid=a1118865-6274-471f-b734-fb9d24917276,200,OK,EventKit User 1-9,text,true,,7267,534,10,10,307,0,11
1523864535920,310,/api/runs?job_uid=b96cf5ab-b949-41a4-b18d-8a887d86ecaf,200,OK,EventKit User 1-6,text,true,,7268,534,10,10,309,0,11
1523864545050,129,/api/runs?job_uid=a901d8ef-37a0-474e-9451-38bacc2cbdf9,200,OK,EventKit User 1-2,text,true,,7267,534,10,10,128,0,18
1523864545079,147,/api/runs?job_uid=3780671c-a774-4222-bcf1-9730f362ce69,200,OK,EventKit User 1-8,text,true,,7264,534,10,10,146,0,16
1523864545677,124,/api/runs?job_uid=0ae9a1de-f2ef-4cfb-bc52-e87a53d60aad,200,OK,EventKit User 1-10,text,true,,7267,534,10,10,123,0,12
1523864546118,112,/api/runs?job_uid=094090c2-8118-4242-9275-cc2f98fcbec8,200,OK,EventKit User 1-7,text,true,,7262,534,10,10,112,0,8
1523864546268,113,/api/runs?job_uid=d6137e9c-cc4c-4277-9227-9721d6e9031e,200,OK,EventKit User 1-3,text,true,,7269,534,10,10,112,0,7
1523864546483,113,/api/runs?job_uid=9eeea22a-2710-482f-9a67-8e14513260a3,200,OK,EventKit User 1-4,text,true,,7268,534,10,10,112,0,11
1523864547081,132,/api/runs?job_uid=297206f0-dff0-4dcc-8d6a-fcc02880b446,200,OK,EventKit User 1-1,text,true,,7264,534,10,10,131,0,12
1523864547212,178,/api/runs?job_uid=d9eba8b2-1119-481d-b817-a433aecac6bb,200,OK,EventKit User 1-5,text,true,,7264,534,10,10,175,0,21
1523864547242,168,/api/runs?job_uid=a1118865-6274-471f-b734-fb9d24917276,200,OK,EventKit User 1-9,text,true,,7265,534,10,10,167,0,10
1523864547242,182,/api/runs?job_uid=b96cf5ab-b949-41a4-b18d-8a887d86ecaf,200,OK,EventKit User 1-6,text,true,,7268,534,10,10,180,0,10
1523864556192,145,/api/runs?job_uid=a901d8ef-37a0-474e-9451-38bacc2cbdf9,200,OK,EventKit User 1-2,text,true,,7267,534,10,10,144,0,26
1523864556239,138,/api/runs?job_uid=3780671c-a774-4222-bcf1-9730f362ce69,200,OK,EventKit User 1-8,text,true,,7264,534,10,10,137,0,11
1523864556814,119,/api/runs?job_uid=0ae9a1de-f2ef-4cfb-bc52-e87a53d60aad,200,OK,EventKit User 1-10,text,true,,7269,534,10,10,118,0,13
1523864557244,120,/api/runs?job_uid=094090c2-8118-4242-9275-cc2f98fcbec8,200,OK,EventKit User 1-7,text,true,,7262,534,10,10,120,0,9
1523864557389,140,/api/runs?job_uid=d6137e9c-cc4c-4277-9227-9721d6e9031e,200,OK,EventKit User 1-3,text,true,,7265,534,10,10,138,0,10
1523864557613,155,/api/runs?job_uid=9eeea22a-2710-482f-9a67-8e14513260a3,200,OK,EventKit User 1-4,text,true,,7266,534,10,10,154,0,44
1523864558241,122,/api/runs?job_uid=297206f0-dff0-4dcc-8d6a-fcc02880b446,200,OK,EventKit User 1-1,text,true,,7262,534,10,10,117,0,9
1523864558399,226,/api/runs?job_uid=d9eba8b2-1119-481d-b817-a433aecac6bb,200,OK,EventKit User 1-5,text,true,,7264,534,10,10,225,0,24
1523864558422,208,/api/runs?job_uid=a1118865-6274-471f-b734-fb9d24917276,200,OK,EventKit User 1-9,text,true,,7267,534,10,10,207,0,38
1523864558434,213,/api/runs?job_uid=b96cf5ab-b949-41a4-b18d-8a887d86ecaf,200,OK,EventKit User 1-6,text,true,,7264,534,10,10,212,0,33
1523864567354,139,/api/runs?job_uid=a901d8ef-37a0-474e-9451-38bacc2cbdf9,200,OK,EventKit User 1-2,text,true,,7399,534,10,10,138,0,13
1523864567390,138,/api/runs?job_uid=3780671c-a774-4222-bcf1-9730f362ce69,200,OK,EventKit User 1-8,text,true,,7266,534,10,10,137,0,9
1523864567940,136,/api/runs?job_uid=0ae9a1de-f2ef-4cfb-bc52-e87a53d60aad,200,OK,EventKit User 1-10,text,true,,7265,534,10,10,135,0,29
1523864568375,115,/api/runs?job_uid=094090c2-8118-4242-9275-cc2f98fcbec8,200,OK,EventKit User 1-7,text,true,,7266,534,10,10,114,0,9
1523864568542,128,/api/runs?job_uid=d6137e9c-cc4c-4277-9227-9721d6e9031e,200,OK,EventKit User 1-3,text,true,,7399,534,10,10,128,0,9
1523864568781,195,/api/runs?job_uid=9eeea22a-2710-482f-9a67-8e14513260a3,200,OK,EventKit User 1-4,text,true,,7264,534,10,10,195,0,10
1523864569379,131,/api/runs?job_uid=297206f0-dff0-4dcc-8d6a-fcc02880b446,200,OK,EventKit User 1-1,text,true,,7265,534,10,10,129,0,14
1523864569640,192,/api/runs?job_uid=a1118865-6274-471f-b734-fb9d24917276,200,OK,EventKit User 1-9,text,true,,7401,534,10,10,189,0,17
1523864569640,196,/api/runs?job_uid=d9eba8b2-1119-481d-b817-a433aecac6bb,200,OK,EventKit User 1-5,text,true,,7262,534,10,10,196,0,17
1523864569655,199,/api/runs?job_uid=b96cf5ab-b949-41a4-b18d-8a887d86ecaf,200,OK,EventKit User 1-6,text,true,,7266,534,10,10,199,0,14
1523864578510,145,/api/runs?job_uid=a901d8ef-37a0-474e-9451-38bacc2cbdf9,200,OK,EventKit User 1-2,text,true,,7397,534,10,10,144,0,12
1523864578543,148,/api/runs?job_uid=3780671c-a774-4222-bcf1-9730f362ce69,200,OK,EventKit User 1-8,text,true,,7267,534,10,10,146,0,9
1523864579083,153,/api/runs?job_uid=0ae9a1de-f2ef-4cfb-bc52-e87a53d60aad,200,OK,EventKit User 1-10,text,true,,7265,534,10,10,153,0,16
1523864579501,126,/api/runs?job_uid=094090c2-8118-4242-9275-cc2f98fcbec8,200,OK,EventKit User 1-7,text,true,,7267,534,10,10,126,0,11
1523864579679,146,/api/runs?job_uid=d6137e9c-cc4c-4277-9227-9721d6e9031e,200,OK,EventKit User 1-3,text,true,,7397,534,10,10,145,0,10
1523864579995,171,/api/runs?job_uid=9eeea22a-2710-482f-9a67-8e14513260a3,200,OK,EventKit User 1-4,text,true,,7264,534,10,10,170,0,9
1523864580523,141,/api/runs?job_uid=297206f0-dff0-4dcc-8d6a-fcc02880b446,200,OK,EventKit User 1-1,text,true,,7265,534,10,10,141,0,11
1523864580843,187,/api/runs?job_uid=d9eba8b2-1119-481d-b817-a433aecac6bb,200,OK,EventKit User 1-5,text,true,,7260,534,10,10,186,0,14
1523864580841,192,/api/runs?job_uid=a1118865-6274-471f-b734-fb9d24917276,200,OK,EventKit User 1-9,text,true,,7397,534,10,10,191,0,16
1523864580862,226,/api/runs?job_uid=b96cf5ab-b949-41a4-b18d-8a887d86ecaf,200,OK,EventKit User 1-6,text,true,,7264,534,10,10,226,0,17
1523864589663,153,/api/runs?job_uid=a901d8ef-37a0-474e-9451-38bacc2cbdf9,200,OK,EventKit User 1-2,text,true,,7399,534,10,10,153,0,30
1523864589704,150,/api/runs?job_uid=3780671c-a774-4222-bcf1-9730f362ce69,200,OK,EventKit User 1-8,text,true,,7265,534,10,10,148,0,9
1523864590250,130,/api/runs?job_uid=0ae9a1de-f2ef-4cfb-bc52-e87a53d60aad,200,OK,EventKit User 1-10,text,true,,7267,534,10,10,130,0,15
1523864590639,126,/api/runs?job_uid=094090c2-8118-4242-9275-cc2f98fcbec8,200,OK,EventKit User 1-7,text,true,,7263,534,10,10,125,0,8
1523864590834,149,/api/runs?job_uid=d6137e9c-cc4c-4277-9227-9721d6e9031e,200,OK,EventKit User 1-3,text,true,,7401,534,10,10,148,0,11
1523864591179,148,/api/runs?job_uid=9eeea22a-2710-482f-9a67-8e14513260a3,200,OK,EventKit User 1-4,text,true,,7264,534,10,10,147,0,11
1523864591679,159,/api/runs?job_uid=297206f0-dff0-4dcc-8d6a-fcc02880b446,200,OK,EventKit User 1-1,text,true,,7265,534,10,10,158,0,10
1523864592043,151,/api/runs?job_uid=d9eba8b2-1119-481d-b817-a433aecac6bb,200,OK,EventKit User 1-5,text,true,,7260,534,10,10,151,0,12
1523864592043,185,/api/runs?job_uid=a1118865-6274-471f-b734-fb9d24917276,200,OK,EventKit User 1-9,text,true,,7403,534,10,10,181,0,14
1523864592095,161,/api/runs?job_uid=b96cf5ab-b949-41a4-b18d-8a887d86ecaf,200,OK,EventKit User 1-6,text,true,,7266,534,10,10,161,0,8
1523864600868,200,/api/runs?job_uid=3780671c-a774-4222-bcf1-9730f362ce69,200,OK,EventKit User 1-8,text,true,,7267,534,10,10,198,0,9
1523864600830,241,/api/runs?job_uid=a901d8ef-37a0-474e-9451-38bacc2cbdf9,200,OK,EventKit User 1-2,text,true,,7399,534,10,10,241,0,40
1523864601397,132,/api/runs?job_uid=0ae9a1de-f2ef-4cfb-bc52-e87a53d60aad,200,OK,EventKit User 1-10,text,true,,7265,534,10,10,132,0,14
1523864601779,207,/api/runs?job_uid=094090c2-8118-4242-9275-cc2f98fcbec8,200,OK,EventKit User 1-7,text,true,,7265,534,10,10,206,0,10
1523864601991,126,/api/runs?job_uid=d6137e9c-cc4c-4277-9227-9721d6e9031e,200,OK,EventKit User 1-3,text,true,,7401,534,10,10,125,0,10
1523864602339,143,/api/runs?job_uid=9eeea22a-2710-482f-9a67-8e14513260a3,200,OK,EventKit User 1-4,text,true,,7266,534,10,10,140,0,10
1523864602850,141,/api/runs?job_uid=297206f0-dff0-4dcc-8d6a-fcc02880b446,200,OK,EventKit User 1-1,text,true,,7267,534,10,10,140,0,11
1523864603207,245,/api/runs?job_uid=d9eba8b2-1119-481d-b817-a433aecac6bb,200,OK,EventKit User 1-5,text,true,,7264,534,10,10,244,0,10
1523864603245,242,/api/runs?job_uid=a1118865-6274-471f-b734-fb9d24917276,200,OK,EventKit User 1-9,text,true,,7401,534,10,10,242,0,9
1523864603265,254,/api/runs?job_uid=b96cf5ab-b949-41a4-b18d-8a887d86ecaf,200,OK,EventKit User 1-6,text,true,,7266,534,10,10,252,0,12
1523864612077,159,/api/runs?job_uid=3780671c-a774-4222-bcf1-9730f362ce69,200,OK,EventKit User 1-8,text,true,,7265,534,10,10,150,0,9
1523864612077,159,/api/runs?job_uid=a901d8ef-37a0-474e-9451-38bacc2cbdf9,200,OK,EventKit User 1-2,text,true,,7401,534,10,10,159,0,8
1523864612546,140,/api/runs?job_uid=0ae9a1de-f2ef-4cfb-bc52-e87a53d60aad,200,OK,EventKit User 1-10,text,true,,7269,534,10,10,140,0,16
1523864612999,157,/api/runs?job_uid=094090c2-8118-4242-9275-cc2f98fcbec8,200,OK,EventKit User 1-7,text,true,,7263,534,10,10,155,0,36
1523864613128,129,/api/runs?job_uid=d6137e9c-cc4c-4277-9227-9721d6e9031e,200,OK,EventKit User 1-3,text,true,,7399,534,10,10,128,0,8
1523864613496,142,/api/runs?job_uid=9eeea22a-2710-482f-9a67-8e14513260a3,200,OK,EventKit User 1-4,text,true,,7266,534,10,10,140,0,8
1523864613998,129,/api/runs?job_uid=297206f0-dff0-4dcc-8d6a-fcc02880b446,200,OK,EventKit User 1-1,text,true,,7265,534,10,10,128,0,13
1523864614466,157,/api/runs?job_uid=d9eba8b2-1119-481d-b817-a433aecac6bb,200,OK,EventKit User 1-5,text,true,,7260,534,10,10,156,0,9
1523864614497,158,/api/runs?job_uid=a1118865-6274-471f-b734-fb9d24917276,200,OK,EventKit User 1-9,text,true,,7397,534,10,10,157,0,10
1523864614532,168,/api/runs?job_uid=b96cf5ab-b949-41a4-b18d-8a887d86ecaf,200,OK,EventKit User 1-6,text,true,,7266,534,10,10,167,0,13
1523864623245,184,/api/runs?job_uid=a901d8ef-37a0-474e-9451-38bacc2cbdf9,200,OK,EventKit User 1-2,text,true,,7399,534,10,10,184,0,35
1523864623245,184,/api/runs?job_uid=3780671c-a774-4222-bcf1-9730f362ce69,200,OK,EventKit User 1-8,text,true,,7265,534,10,10,184,0,36
1523864623698,178,/api/runs?job_uid=0ae9a1de-f2ef-4cfb-bc52-e87a53d60aad,200,OK,EventKit User 1-10,text,true,,7265,534,10,10,177,0,24
1523864624168,167,/api/runs?job_uid=094090c2-8118-4242-9275-cc2f98fcbec8,200,OK,EventKit User 1-7,text,true,,7265,534,10,10,167,0,12
1523864624266,148,/api/runs?job_uid=d6137e9c-cc4c-4277-9227-9721d6e9031e,200,OK,EventKit User 1-3,text,true,,7399,534,10,10,148,0,10
1523864624650,144,/api/runs?job_uid=9eeea22a-2710-482f-9a67-8e14513260a3,200,OK,EventKit User 1-4,text,true,,7268,534,10,10,142,0,28
1523864625137,139,/api/runs?job_uid=297206f0-dff0-4dcc-8d6a-fcc02880b446,200,OK,EventKit User 1-1,text,true,,7265,534,10,10,138,0,8
1523864625664,200,/api/runs?job_uid=a1118865-6274-471f-b734-fb9d24917276,200,OK,EventKit User 1-9,text,true,,7399,534,10,10,198,0,11
1523864625636,356,/api/runs?job_uid=d9eba8b2-1119-481d-b817-a433aecac6bb,200,OK,EventKit User 1-5,text,true,,7262,534,10,10,355,0,25
1523864625718,334,/api/runs?job_uid=b96cf5ab-b949-41a4-b18d-8a887d86ecaf,200,OK,EventKit User 1-6,text,true,,7268,534,10,10,326,0,14
1523864634446,189,/api/runs?job_uid=a901d8ef-37a0-474e-9451-38bacc2cbdf9,200,OK,EventKit User 1-2,text,true,,7401,534,10,10,182,0,11
1523864634446,189,/api/runs?job_uid=3780671c-a774-4222-bcf1-9730f362ce69,200,OK,EventKit User 1-8,text,true,,7265,534,10,10,189,0,11
1523864634892,123,/api/runs?job_uid=0ae9a1de-f2ef-4cfb-bc52-e87a53d60aad,200,OK,EventKit User 1-10,text,true,,7265,534,10,10,120,0,13
1523864635347,146,/api/runs?job_uid=094090c2-8118-4242-9275-cc2f98fcbec8,200,OK,EventKit User 1-7,text,true,,7267,534,10,10,145,0,16
1523864635428,172,/api/runs?job_uid=d6137e9c-cc4c-4277-9227-9721d6e9031e,200,OK,EventKit User 1-3,text,true,,7401,534,10,10,172,0,21
1523864635804,131,/api/runs?job_uid=9eeea22a-2710-482f-9a67-8e14513260a3,200,OK,EventKit User 1-4,text,true,,7264,534,10,10,129,0,11
1523864636293,165,/api/runs?job_uid=297206f0-dff0-4dcc-8d6a-fcc02880b446,200,OK,EventKit User 1-1,text,true,,7263,534,10,10,165,0,14
1523864636871,138,/api/runs?job_uid=a1118865-6274-471f-b734-fb9d24917276,200,OK,EventKit User 1-9,text,true,,7399,534,10,10,138,0,16
1523864637009,134,/api/runs?job_uid=d9eba8b2-1119-481d-b817-a433aecac6bb,200,OK,EventKit User 1-5,text,true,,7262,534,10,10,132,0,13
1523864637063,142,/api/runs?job_uid=b96cf5ab-b949-41a4-b18d-8a887d86ecaf,200,OK,EventKit User 1-6,text,true,,7264,534,10,10,140,0,12
1523864645653,158,/api/runs?job_uid=a901d8ef-37a0-474e-9451-38bacc2cbdf9,200,OK,EventKit User 1-2,text,true,,7399,534,10,10,158,0,23
1523864645653,181,/api/runs?job_uid=3780671c-a774-4222-bcf1-9730f362ce69,200,OK,EventKit User 1-8,text,true,,7265,534,10,10,177,0,23
1523864646031,149,/api/runs?job_uid=0ae9a1de-f2ef-4cfb-bc52-e87a53d60aad,200,OK,EventKit User 1-10,text,true,,7267,534,10,10,148,0,15
1523864646509,126,/api/runs?job_uid=094090c2-8118-4242-9275-cc2f98fcbec8,200,OK,EventKit User 1-7,text,true,,7263,534,10,10,125,0,12
1523864646613,120,/api/runs?job_uid=d6137e9c-cc4c-4277-9227-9721d6e9031e,200,OK,EventKit User 1-3,text,true,,7399,534,10,10,117,0,9
1523864646952,147,/api/runs?job_uid=9eeea22a-2710-482f-9a67-8e14513260a3,200,OK,EventKit User 1-4,text,true,,7266,534,10,10,147,0,11
1523864647468,122,/api/runs?job_uid=297206f0-dff0-4dcc-8d6a-fcc02880b446,200,OK,EventKit User 1-1,text,true,,7263,534,10,10,121,0,10
1523864648021,184,/api/runs?job_uid=a1118865-6274-471f-b734-fb9d24917276,200,OK,EventKit User 1-9,text,true,,7397,534,10,10,183,0,22
1523864648154,146,/api/runs?job_uid=d9eba8b2-1119-481d-b817-a433aecac6bb,200,OK,EventKit User 1-5,text,true,,7262,534,10,10,146,0,17
1523864648218,161,/api/runs?job_uid=b96cf5ab-b949-41a4-b18d-8a887d86ecaf,200,OK,EventKit User 1-6,text,true,,7264,534,10,10,159,0,27
1523864656848,221,/api/runs?job_uid=3780671c-a774-4222-bcf1-9730f362ce69,200,OK,EventKit User 1-8,text,true,,7271,534,10,10,220,0,41
1523864656826,264,/api/runs?job_uid=a901d8ef-37a0-474e-9451-38bacc2cbdf9,200,OK,EventKit User 1-2,text,true,,7403,534,10,10,261,0,62
1523864657191,125,/api/runs?job_uid=0ae9a1de-f2ef-4cfb-bc52-e87a53d60aad,200,OK,EventKit User 1-10,text,true,,7267,534,10,10,124,0,9
1523864657649,155,/api/runs?job_uid=094090c2-8118-4242-9275-cc2f98fcbec8,200,OK,EventKit User 1-7,text,true,,7265,534,10,10,155,0,18
1523864657742,149,/api/runs?job_uid=d6137e9c-cc4c-4277-9227-9721d6e9031e,200,OK,EventKit User 1-3,text,true,,7399,534,10,10,148,0,9
1523864658116,192,/api/runs?job_uid=9eeea22a-2710-482f-9a67-8e14513260a3,200,OK,EventKit User 1-4,text,true,,7264,534,10,10,190,0,14
1523864658604,154,/api/runs?job_uid=297206f0-dff0-4dcc-8d6a-fcc02880b446,200,OK,EventKit User 1-1,text,true,,7267,534,10,10,152,0,11
1523864659216,120,/api/runs?job_uid=a1118865-6274-471f-b734-fb9d24917276,200,OK,EventKit User 1-9,text,true,,7401,534,10,10,120,0,12
1523864659315,126,/api/runs?job_uid=d9eba8b2-1119-481d-b817-a433aecac6bb,200,OK,EventKit User 1-5,text,true,,7260,534,10,10,125,0,7
1523864659390,217,/api/runs?job_uid=b96cf5ab-b949-41a4-b18d-8a887d86ecaf,200,OK,EventKit User 1-6,text,true,,7266,534,10,10,214,0,9
1523864668085,156,/api/runs?job_uid=3780671c-a774-4222-bcf1-9730f362ce69,200,OK,EventKit User 1-8,text,true,,7267,534,10,10,155,0,11
1523864668108,162,/api/runs?job_uid=a901d8ef-37a0-474e-9451-38bacc2cbdf9,200,OK,EventKit User 1-2,text,true,,7397,534,10,10,162,0,8
1523864668329,122,/api/runs?job_uid=0ae9a1de-f2ef-4cfb-bc52-e87a53d60aad,200,OK,EventKit User 1-10,text,true,,7265,534,10,10,122,0,7
1523864668816,125,/api/runs?job_uid=094090c2-8118-4242-9275-cc2f98fcbec8,200,OK,EventKit User 1-7,text,true,,7263,534,10,10,124,0,10
1523864668903,130,/api/runs?job_uid=d6137e9c-cc4c-4277-9227-9721d6e9031e,200,OK,EventKit User 1-3,text,true,,7399,534,10,10,127,0,8
1523864669327,147,/api/runs?job_uid=9eeea22a-2710-482f-9a67-8e14513260a3,200,OK,EventKit User 1-4,text,true,,7268,534,10,10,147,0,11
1523864669768,175,/api/runs?job_uid=297206f0-dff0-4dcc-8d6a-fcc02880b446,200,OK,EventKit User 1-1,text,true,,7263,534,10,10,172,0,19
1523864670354,155,/api/runs?job_uid=a1118865-6274-471f-b734-fb9d24917276,200,OK,EventKit User 1-9,text,true,,7399,534,10,10,154,0,9
1523864670459,203,/api/runs?job_uid=d9eba8b2-1119-481d-b817-a433aecac6bb,200,OK,EventKit User 1-5,text,true,,7262,534,10,10,202,0,10
1523864670621,199,/api/runs?job_uid=b96cf5ab-b949-41a4-b18d-8a887d86ecaf,200,OK,EventKit User 1-6,text,true,,7268,534,10,10,195,0,15
1523864679251,146,/api/runs?job_uid=3780671c-a774-4222-bcf1-9730f362ce69,200,OK,EventKit User 1-8,text,true,,7267,534,10,10,145,0,21
1523864679287,151,/api/runs?job_uid=a901d8ef-37a0-474e-9451-38bacc2cbdf9,200,OK,EventKit User 1-2,text,true,,7401,534,10,10,150,0,12
1523864679466,153,/api/runs?job_uid=0ae9a1de-f2ef-4cfb-bc52-e87a53d60aad,200,OK,EventKit User 1-10,text,true,,7265,534,10,10,152,0,10
1523864679954,141,/api/runs?job_uid=094090c2-8118-4242-9275-cc2f98fcbec8,200,OK,EventKit User 1-7,text,true,,7263,534,10,10,139,0,28
1523864680047,139,/api/runs?job_uid=d6137e9c-cc4c-4277-9227-9721d6e9031e,200,OK,EventKit User 1-3,text,true,,7397,534,10,10,138,0,10
1523864680493,147,/api/runs?job_uid=9eeea22a-2710-482f-9a67-8e14513260a3,200,OK,EventKit User 1-4,text,true,,7264,534,10,10,145,0,35
1523864680955,136,/api/runs?job_uid=297206f0-dff0-4dcc-8d6a-fcc02880b446,200,OK,EventKit User 1-1,text,true,,7265,534,10,10,132,0,15
1523864681521,166,/api/runs?job_uid=a1118865-6274-471f-b734-fb9d24917276,200,OK,EventKit User 1-9,text,true,,7397,534,10,10,164,0,8
1523864681678,144,/api/runs?job_uid=d9eba8b2-1119-481d-b817-a433aecac6bb,200,OK,EventKit User 1-5,text,true,,7260,534,10,10,141,0,10
1523864681838,122,/api/runs?job_uid=b96cf5ab-b949-41a4-b18d-8a887d86ecaf,200,OK,EventKit User 1-6,text,true,,7268,534,10,10,122,0,9
1523864690455,205,/api/runs?job_uid=a901d8ef-37a0-474e-9451-38bacc2cbdf9,200,OK,EventKit User 1-2,text,true,,7401,534,10,10,190,0,45
1523864690416,262,/api/runs?job_uid=3780671c-a774-4222-bcf1-9730f362ce69,200,OK,EventKit User 1-8,text,true,,7265,534,10,10,257,0,84
1523864690633,209,/api/runs?job_uid=0ae9a1de-f2ef-4cfb-bc52-e87a53d60aad,200,OK,EventKit User 1-10,text,true,,7265,534,10,10,209,0,70
1523864691103,174,/api/runs?job_uid=094090c2-8118-4242-9275-cc2f98fcbec8,200,OK,EventKit User 1-7,text,true,,7267,534,10,10,172,0,25
1523864691196,153,/api/runs?job_uid=d6137e9c-cc4c-4277-9227-9721d6e9031e,200,OK,EventKit User 1-3,text,true,,7401,534,10,10,153,0,18
1523864691655,160,/api/runs?job_uid=9eeea22a-2710-482f-9a67-8e14513260a3,200,OK,EventKit User 1-4,text,true,,7264,534,10,10,159,0,15
1523864692102,132,/api/runs?job_uid=297206f0-dff0-4dcc-8d6a-fcc02880b446,200,OK,EventKit User 1-1,text,true,,7267,534,10,10,130,0,13
1523864692699,264,/api/runs?job_uid=a1118865-6274-471f-b734-fb9d24917276,200,OK,EventKit User 1-9,text,true,,7399,534,10,10,262,0,13
1523864692838,287,/api/runs?job_uid=d9eba8b2-1119-481d-b817-a433aecac6bb,200,OK,EventKit User 1-5,text,true,,7264,534,10,10,286,0,13
1523864692978,218,/api/runs?job_uid=b96cf5ab-b949-41a4-b18d-8a887d86ecaf,200,OK,EventKit User 1-6,text,true,,7264,534,10,10,215,0,10
1523864701694,593,/api/runs?job_uid=3780671c-a774-4222-bcf1-9730f362ce69,200,OK,EventKit User 1-8,text,true,,7265,534,10,10,582,0,10
1523864701677,610,/api/runs?job_uid=a901d8ef-37a0-474e-9451-38bacc2cbdf9,200,OK,EventKit User 1-2,text,true,,7399,534,10,10,610,0,10
1523864701857,598,/api/runs?job_uid=0ae9a1de-f2ef-4cfb-bc52-e87a53d60aad,200,OK,EventKit User 1-10,text,true,,7265,534,10,10,594,0,419
1523864702286,194,/api/runs?job_uid=094090c2-8118-4242-9275-cc2f98fcbec8,200,OK,EventKit User 1-7,text,true,,7263,534,10,10,193,0,38
1523864702362,217,/api/runs?job_uid=d6137e9c-cc4c-4277-9227-9721d6e9031e,200,OK,EventKit User 1-3,text,true,,7399,534,10,10,213,0,39
1523864702824,152,/api/runs?job_uid=9eeea22a-2710-482f-9a67-8e14513260a3,200,OK,EventKit User 1-4,text,true,,7266,534,10,10,147,0,17
1523864703250,161,/api/runs?job_uid=297206f0-dff0-4dcc-8d6a-fcc02880b446,200,OK,EventKit User 1-1,text,true,,7263,534,10,10,145,0,19
1523864703976,131,/api/runs?job_uid=a1118865-6274-471f-b734-fb9d24917276,200,OK,EventKit User 1-9,text,true,,7403,534,10,10,129,0,9
1523864704137,185,/api/runs?job_uid=d9eba8b2-1119-481d-b817-a433aecac6bb,200,OK,EventKit User 1-5,text,true,,7260,534,10,10,185,0,9
1523864704213,165,/api/runs?job_uid=b96cf5ab-b949-41a4-b18d-8a887d86ecaf,200,OK,EventKit User 1-6,text,true,,7266,534,10,10,164,0,11
1523864713302,235,/api/runs?job_uid=a901d8ef-37a0-474e-9451-38bacc2cbdf9,200,OK,EventKit User 1-2,text,true,,7399,534,10,10,235,0,40
1523864713302,240,/api/runs?job_uid=3780671c-a774-4222-bcf1-9730f362ce69,200,OK,EventKit User 1-8,text,true,,7265,534,10,10,239,0,40
1523864713464,218,/api/runs?job_uid=0ae9a1de-f2ef-4cfb-bc52-e87a53d60aad,200,OK,EventKit User 1-10,text,true,,7267,534,10,10,218,0,11
1523864713496,186,/api/runs?job_uid=094090c2-8118-4242-9275-cc2f98fcbec8,200,OK,EventKit User 1-7,text,true,,7267,534,10,10,186,0,8
1523864713596,175,/api/runs?job_uid=d6137e9c-cc4c-4277-9227-9721d6e9031e,200,OK,EventKit User 1-3,text,true,,7403,534,10,10,174,0,11
1523864713992,139,/api/runs?job_uid=9eeea22a-2710-482f-9a67-8e14513260a3,200,OK,EventKit User 1-4,text,true,,7264,534,10,10,139,0,19
1523864714428,120,/api/runs?job_uid=297206f0-dff0-4dcc-8d6a-fcc02880b446,200,OK,EventKit User 1-1,text,true,,7263,534,10,10,119,0,10
1523864715122,185,/api/runs?job_uid=a1118865-6274-471f-b734-fb9d24917276,200,OK,EventKit User 1-9,text,true,,7399,534,10,10,184,0,13
1523864715339,232,/api/runs?job_uid=d9eba8b2-1119-481d-b817-a433aecac6bb,200,OK,EventKit User 1-5,text,true,,7262,534,10,10,232,0,6
1523864715391,185,/api/runs?job_uid=b96cf5ab-b949-41a4-b18d-8a887d86ecaf,200,OK,EventKit User 1-6,text,true,,7266,534,10,10,183,0,10
1523864724556,186,/api/runs?job_uid=3780671c-a774-4222-bcf1-9730f362ce69,200,OK,EventKit User 1-8,text,true,,7267,534,10,10,184,0,45
1523864724556,189,/api/runs?job_uid=a901d8ef-37a0-474e-9451-38bacc2cbdf9,200,OK,EventKit User 1-2,text,true,,7397,534,10,10,188,0,45
1523864724695,150,/api/runs?job_uid=0ae9a1de-f2ef-4cfb-bc52-e87a53d60aad,200,OK,EventKit User 1-10,text,true,,7265,534,10,10,149,0,11
1523864724695,163,/api/runs?job_uid=094090c2-8118-4242-9275-cc2f98fcbec8,200,OK,EventKit User 1-7,text,true,,7267,534,10,10,163,0,12
1523864724787,226,/api/runs?job_uid=d6137e9c-cc4c-4277-9227-9721d6e9031e,200,OK,EventKit User 1-3,text,true,,7399,534,10,10,225,0,9
1523864725142,118,/api/runs?job_uid=9eeea22a-2710-482f-9a67-8e14513260a3,200,OK,EventKit User 1-4,text,true,,7264,534,10,10,117,0,12
1523864725567,127,/api/runs?job_uid=297206f0-dff0-4dcc-8d6a-fcc02880b446,200,OK,EventKit User 1-1,text,true,,7263,534,10,10,125,0,13
1523864726318,129,/api/runs?job_uid=a1118865-6274-471f-b734-fb9d24917276,200,OK,EventKit User 1-9,text,true,,7399,534,10,10,128,0,10
1523864726581,149,/api/runs?job_uid=d9eba8b2-1119-481d-b817-a433aecac6bb,200,OK,EventKit User 1-5,text,true,,7260,534,10,10,148,0,11
1523864726587,147,/api/runs?job_uid=b96cf5ab-b949-41a4-b18d-8a887d86ecaf,200,OK,EventKit User 1-6,text,true,,7266,534,10,10,146,0,8
1523864735761,163,/api/runs?job_uid=a901d8ef-37a0-474e-9451-38bacc2cbdf9,200,OK,EventKit User 1-2,text,true,,7399,534,10,10,162,0,11
1523864735761,166,/api/runs?job_uid=3780671c-a774-4222-bcf1-9730f362ce69,200,OK,EventKit User 1-8,text,true,,7267,534,10,10,165,0,11
1523864735865,192,/api/runs?job_uid=094090c2-8118-4242-9275-cc2f98fcbec8,200,OK,EventKit User 1-7,text,true,,7263,534,10,10,190,0,10
1523864735865,194,/api/runs?job_uid=0ae9a1de-f2ef-4cfb-bc52-e87a53d60aad,200,OK,EventKit User 1-10,text,true,,7266,534,10,10,193,0,11
1523864736024,124,/api/runs?job_uid=d6137e9c-cc4c-4277-9227-9721d6e9031e,200,OK,EventKit User 1-3,text,true,,7401,534,10,10,120,0,13
1523864736273,121,/api/runs?job_uid=9eeea22a-2710-482f-9a67-8e14513260a3,200,OK,EventKit User 1-4,text,true,,7266,534,10,10,121,0,11
1523864736709,122,/api/runs?job_uid=297206f0-dff0-4dcc-8d6a-fcc02880b446,200,OK,EventKit User 1-1,text,true,,7263,534,10,10,119,0,11
1523864737464,125,/api/runs?job_uid=a1118865-6274-471f-b734-fb9d24917276,200,OK,EventKit User 1-9,text,true,,7397,534,10,10,124,0,15
1523864737742,132,/api/runs?job_uid=b96cf5ab-b949-41a4-b18d-8a887d86ecaf,200,OK,EventKit User 1-6,text,true,,7268,534,10,10,130,0,10
1523864737742,149,/api/runs?job_uid=d9eba8b2-1119-481d-b817-a433aecac6bb,200,OK,EventKit User 1-5,text,true,,7262,534,10,10,148,0,10
1523864746942,135,/api/runs?job_uid=3780671c-a774-4222-bcf1-9730f362ce69,200,OK,EventKit User 1-8,text,true,,7267,534,10,10,134,0,14
1523864746942,152,/api/runs?job_uid=a901d8ef-37a0-474e-9451-38bacc2cbdf9,200,OK,EventKit User 1-2,text,true,,7399,534,10,10,151,0,14
1523864747069,145,/api/runs?job_uid=094090c2-8118-4242-9275-cc2f98fcbec8,200,OK,EventKit User 1-7,text,true,,7265,534,10,10,143,0,13
1523864747069,147,/api/runs?job_uid=0ae9a1de-f2ef-4cfb-bc52-e87a53d60aad,200,OK,EventKit User 1-10,text,true,,7268,534,10,10,146,0,13
1523864747162,144,/api/runs?job_uid=d6137e9c-cc4c-4277-9227-9721d6e9031e,200,OK,EventKit User 1-3,text,true,,7397,534,10,10,143,0,27
1523864747406,126,/api/runs?job_uid=9eeea22a-2710-482f-9a67-8e14513260a3,200,OK,EventKit User 1-4,text,true,,7266,534,10,10,126,0,10
1523864747841,114,/api/runs?job_uid=297206f0-dff0-4dcc-8d6a-fcc02880b446,200,OK,EventKit User 1-1,text,true,,7265,534,10,10,113,0,8
1523864748601,123,/api/runs?job_uid=a1118865-6274-471f-b734-fb9d24917276,200,OK,EventKit User 1-9,text,true,,7399,534,10,10,122,0,12
1523864748893,134,/api/runs?job_uid=b96cf5ab-b949-41a4-b18d-8a887d86ecaf,200,OK,EventKit User 1-6,text,true,,7264,534,10,10,133,0,8
1523864748902,139,/api/runs?job_uid=d9eba8b2-1119-481d-b817-a433aecac6bb,200,OK,EventKit User 1-5,text,true,,7260,534,10,10,138,0,9
1523864758090,239,/api/runs?job_uid=3780671c-a774-4222-bcf1-9730f362ce69,200,OK,EventKit User 1-8,text,true,,7265,534,10,10,239,0,15
1523864758105,239,/api/runs?job_uid=a901d8ef-37a0-474e-9451-38bacc2cbdf9,200,OK,EventKit User 1-2,text,true,,7397,534,10,10,238,0,16
1523864758223,291,/api/runs?job_uid=0ae9a1de-f2ef-4cfb-bc52-e87a53d60aad,200,OK,EventKit User 1-10,text,true,,7266,534,10,10,290,0,9
1523864758223,313,/api/runs?job_uid=094090c2-8118-4242-9275-cc2f98fcbec8,200,OK,EventKit User 1-7,text,true,,7265,534,10,10,311,0,9
1523864758315,241,/api/runs?job_uid=d6137e9c-cc4c-4277-9227-9721d6e9031e,200,OK,EventKit User 1-3,text,true,,7399,534,10,10,241,0,7
1523864758549,123,/api/runs?job_uid=9eeea22a-2710-482f-9a67-8e14513260a3,200,OK,EventKit User 1-4,text,true,,7270,534,10,10,122,0,9
1523864758967,119,/api/runs?job_uid=297206f0-dff0-4dcc-8d6a-fcc02880b446,200,OK,EventKit User 1-1,text,true,,7265,534,10,10,118,0,11
1523864759733,145,/api/runs?job_uid=a1118865-6274-471f-b734-fb9d24917276,200,OK,EventKit User 1-9,text,true,,7401,534,10,10,143,0,16
1523864760035,163,/api/runs?job_uid=b96cf5ab-b949-41a4-b18d-8a887d86ecaf,200,OK,EventKit User 1-6,text,true,,7264,534,10,10,161,0,9
1523864760049,180,/api/runs?job_uid=d9eba8b2-1119-481d-b817-a433aecac6bb,200,OK,EventKit User 1-5,text,true,,7260,534,10,10,179,0,11
1523864769343,142,/api/runs?job_uid=3780671c-a774-4222-bcf1-9730f362ce69,200,OK,EventKit User 1-8,text,true,,7265,534,10,10,140,0,15
1523864769354,147,/api/runs?job_uid=a901d8ef-37a0-474e-9451-38bacc2cbdf9,200,OK,EventKit User 1-2,text,true,,7397,534,10,10,146,0,12
1523864769523,148,/api/runs?job_uid=0ae9a1de-f2ef-4cfb-bc52-e87a53d60aad,200,OK,EventKit User 1-10,text,true,,7607,534,10,10,146,0,8
1523864769549,197,/api/runs?job_uid=094090c2-8118-4242-9275-cc2f98fcbec8,200,OK,EventKit User 1-7,text,true,,7265,534,10,10,196,0,26
1523864769569,196,/api/runs?job_uid=d6137e9c-cc4c-4277-9227-9721d6e9031e,200,OK,EventKit User 1-3,text,true,,7397,534,10,10,195,0,22
1523864769681,160,/api/runs?job_uid=9eeea22a-2710-482f-9a67-8e14513260a3,200,OK,EventKit User 1-4,text,true,,7266,534,10,10,159,0,11
1523864770103,126,/api/runs?job_uid=297206f0-dff0-4dcc-8d6a-fcc02880b446,200,OK,EventKit User 1-1,text,true,,7263,534,10,10,125,0,15
1523864770895,125,/api/runs?job_uid=a1118865-6274-471f-b734-fb9d24917276,200,OK,EventKit User 1-9,text,true,,7397,534,10,10,124,0,14
1523864771212,129,/api/runs?job_uid=b96cf5ab-b949-41a4-b18d-8a887d86ecaf,200,OK,EventKit User 1-6,text,true,,7269,534,10,10,127,0,14
1523864771270,156,/api/runs?job_uid=d9eba8b2-1119-481d-b817-a433aecac6bb,200,OK,EventKit User 1-5,text,true,,7262,534,10,10,154,0,9
1523864780499,141,/api/runs?job_uid=3780671c-a774-4222-bcf1-9730f362ce69,200,OK,EventKit User 1-8,text,true,,7267,534,10,10,133,0,16
1523864780516,164,/api/runs?job_uid=a901d8ef-37a0-474e-9451-38bacc2cbdf9,200,OK,EventKit User 1-2,text,true,,7397,534,10,10,163,0,14
1523864780678,142,/api/runs?job_uid=0ae9a1de-f2ef-4cfb-bc52-e87a53d60aad,200,OK,EventKit User 1-10,text,true,,7597,534,10,10,141,0,17
1523864780778,148,/api/runs?job_uid=d6137e9c-cc4c-4277-9227-9721d6e9031e,200,OK,EventKit User 1-3,text,true,,7399,534,10,10,146,0,11
1523864780761,171,/api/runs?job_uid=094090c2-8118-4242-9275-cc2f98fcbec8,200,OK,EventKit User 1-7,text,true,,7263,534,10,10,167,0,29
1523864780859,153,/api/runs?job_uid=9eeea22a-2710-482f-9a67-8e14513260a3,200,OK,EventKit User 1-4,text,true,,7268,534,10,10,152,0,11
1523864781241,176,/api/runs?job_uid=297206f0-dff0-4dcc-8d6a-fcc02880b446,200,OK,EventKit User 1-1,text,true,,7263,534,10,10,175,0,40
1523864782032,156,/api/runs?job_uid=a1118865-6274-471f-b734-fb9d24917276,200,OK,EventKit User 1-9,text,true,,7397,534,10,10,155,0,13
1523864782356,224,/api/runs?job_uid=b96cf5ab-b949-41a4-b18d-8a887d86ecaf,200,OK,EventKit User 1-6,text,true,,7265,534,10,10,222,0,15
1523864782437,185,/api/runs?job_uid=d9eba8b2-1119-481d-b817-a433aecac6bb,200,OK,EventKit User 1-5,text,true,,7264,534,10,10,184,0,6
1523864791648,159,/api/runs?job_uid=3780671c-a774-4222-bcf1-9730f362ce69,200,OK,EventKit User 1-8,text,true,,7265,534,10,10,158,0,36
1523864791688,146,/api/runs?job_uid=a901d8ef-37a0-474e-9451-38bacc2cbdf9,200,OK,EventKit User 1-2,text,true,,7397,534,10,10,146,0,10
1523864791827,124,/api/runs?job_uid=0ae9a1de-f2ef-4cfb-bc52-e87a53d60aad,200,OK,EventKit User 1-10,text,true,,7597,534,10,10,124,0,7
1523864791932,131,/api/runs?job_uid=d6137e9c-cc4c-4277-9227-9721d6e9031e,200,OK,EventKit User 1-3,text,true,,7399,534,10,10,130,0,9
1523864791940,174,/api/runs?job_uid=094090c2-8118-4242-9275-cc2f98fcbec8,200,OK,EventKit User 1-7,text,true,,7265,534,10,10,174,0,12
1523864792019,146,/api/runs?job_uid=9eeea22a-2710-482f-9a67-8e14513260a3,200,OK,EventKit User 1-4,text,true,,7264,534,10,10,145,0,11
1523864792432,120,/api/runs?job_uid=297206f0-dff0-4dcc-8d6a-fcc02880b446,200,OK,EventKit User 1-1,text,true,,7263,534,10,10,120,0,11
1523864793202,125,/api/runs?job_uid=a1118865-6274-471f-b734-fb9d24917276,200,OK,EventKit User 1-9,text,true,,7399,534,10,10,122,0,12
1523864793593,141,/api/runs?job_uid=b96cf5ab-b949-41a4-b18d-8a887d86ecaf,200,OK,EventKit User 1-6,text,true,,7267,534,10,10,139,0,17
1523864793638,158,/api/runs?job_uid=d9eba8b2-1119-481d-b817-a433aecac6bb,200,OK,EventKit User 1-5,text,true,,7260,534,10,10,153,0,22
1523864802821,126,/api/runs?job_uid=3780671c-a774-4222-bcf1-9730f362ce69,200,OK,EventKit User 1-8,text,true,,7269,534,10,10,122,0,8
1523864802850,146,/api/runs?job_uid=a901d8ef-37a0-474e-9451-38bacc2cbdf9,200,OK,EventKit User 1-2,text,true,,7399,534,10,10,146,0,11
1523864802960,125,/api/runs?job_uid=0ae9a1de-f2ef-4cfb-bc52-e87a53d60aad,200,OK,EventKit User 1-10,text,true,,7599,534,10,10,125,0,8
1523864803076,127,/api/runs?job_uid=d6137e9c-cc4c-4277-9227-9721d6e9031e,200,OK,EventKit User 1-3,text,true,,7399,534,10,10,127,0,10
1523864803147,164,/api/runs?job_uid=094090c2-8118-4242-9275-cc2f98fcbec8,200,OK,EventKit User 1-7,text,true,,7263,534,10,10,164,0,31
1523864803173,158,/api/runs?job_uid=9eeea22a-2710-482f-9a67-8e14513260a3,200,OK,EventKit User 1-4,text,true,,7264,534,10,10,157,0,16
1523864803565,117,/api/runs?job_uid=297206f0-dff0-4dcc-8d6a-fcc02880b446,200,OK,EventKit User 1-1,text,true,,7263,534,10,10,116,0,12
1523864804335,180,/api/runs?job_uid=a1118865-6274-471f-b734-fb9d24917276,200,OK,EventKit User 1-9,text,true,,7399,534,10,10,170,0,14
1523864804741,132,/api/runs?job_uid=b96cf5ab-b949-41a4-b18d-8a887d86ecaf,200,OK,EventKit User 1-6,text,true,,7267,534,10,10,131,0,9
1523864804811,155,/api/runs?job_uid=d9eba8b2-1119-481d-b817-a433aecac6bb,200,OK,EventKit User 1-5,text,true,,7265,534,10,10,153,0,11
1523864813961,207,/api/runs?job_uid=3780671c-a774-4222-bcf1-9730f362ce69,200,OK,EventKit User 1-8,text,true,,7542,534,10,10,205,0,11
1523864814004,221,/api/runs?job_uid=a901d8ef-37a0-474e-9451-38bacc2cbdf9,200,OK,EventKit User 1-2,text,true,,7542,534,10,10,217,0,9
1523864814098,284,/api/runs?job_uid=0ae9a1de-f2ef-4cfb-bc52-e87a53d60aad,200,OK,EventKit User 1-10,text,true,,7974,534,10,10,284,0,10
1523864814209,282,/api/runs?job_uid=d6137e9c-cc4c-4277-9227-9721d6e9031e,200,OK,EventKit User 1-3,text,true,,7542,534,10,10,281,0,16
1523864814318,210,/api/runs?job_uid=094090c2-8118-4242-9275-cc2f98fcbec8,200,OK,EventKit User 1-7,text,true,,7540,534,10,10,208,0,9
1523864814340,193,/api/runs?job_uid=9eeea22a-2710-482f-9a67-8e14513260a3,200,OK,EventKit User 1-4,text,true,,7267,534,10,10,192,0,11
1523864814689,128,/api/runs?job_uid=297206f0-dff0-4dcc-8d6a-fcc02880b446,200,OK,EventKit User 1-1,text,true,,7540,534,10,10,127,0,9
1523864815523,161,/api/runs?job_uid=a1118865-6274-471f-b734-fb9d24917276,200,OK,EventKit User 1-9,text,true,,7544,534,10,10,160,0,33
1523864815883,119,/api/runs?job_uid=b96cf5ab-b949-41a4-b18d-8a887d86ecaf,200,OK,EventKit User 1-6,text,true,,7265,534,10,10,118,0,9
1523864815971,127,/api/runs?job_uid=d9eba8b2-1119-481d-b817-a433aecac6bb,200,OK,EventKit User 1-5,text,true,,7265,534,10,10,125,0,16
1523864825183,147,/api/runs?job_uid=3780671c-a774-4222-bcf1-9730f362ce69,200,OK,EventKit User 1-8,text,true,,7582,534,10,10,146,0,10
1523864286917,538434,Transaction Controller,200,"Number of samples in transaction : 48, number of failing samples : 0",EventKit User 1-8,,true,,349301,25632,10,10,9547,0,851
1523864825233,156,/api/runs?job_uid=a901d8ef-37a0-474e-9451-38bacc2cbdf9,200,OK,EventKit User 1-2,text,true,,7580,534,10,10,154,0,13
1523864286833,538577,Transaction Controller,200,"Number of samples in transaction : 48, number of failing samples : 0",EventKit User 1-2,,true,,352238,25632,10,10,9639,0,1029
1523864825335,149,Job 3780671c-a774-4222-bcf1-9730f362ce69 INCOMPLETE 470 seconds,200,OK,EventKit User 1-8,text,true,,7604,534,10,10,149,0,0
1523864825394,157,Job a901d8ef-37a0-474e-9451-38bacc2cbdf9 INCOMPLETE 470 seconds,200,OK,EventKit User 1-2,text,true,,7602,534,10,10,157,0,0
1523864825391,237,/api/runs?job_uid=0ae9a1de-f2ef-4cfb-bc52-e87a53d60aad,200,OK,EventKit User 1-10,text,true,,8263,534,10,10,236,0,13
1523864286870,538779,Transaction Controller,200,"Number of samples in transaction : 48, number of failing samples : 0",EventKit User 1-10,,true,,351758,25632,10,10,9966,0,1251
1523864825502,277,/api/runs?job_uid=d6137e9c-cc4c-4277-9227-9721d6e9031e,200,OK,EventKit User 1-3,text,true,,7580,534,10,10,276,0,9
1523864286833,538967,Transaction Controller,200,"Number of samples in transaction : 48, number of failing samples : 0",EventKit User 1-3,,true,,352236,25632,10,10,10065,0,640
1523864825542,388,/api/runs?job_uid=094090c2-8118-4242-9275-cc2f98fcbec8,200,OK,EventKit User 1-7,text,true,,7578,534,10,10,387,0,35
1523864825542,391,/api/runs?job_uid=9eeea22a-2710-482f-9a67-8e14513260a3,200,OK,EventKit User 1-4,text,true,,7265,534,10,10,391,0,11
1523864286893,539058,Transaction Controller,200,"Number of samples in transaction : 48, number of failing samples : 0",EventKit User 1-7,,true,,349195,25632,10,10,10189,0,766
1523864825485,498, /api/jobs/3780671c-a774-4222-bcf1-9730f362ce69,204,No Content,EventKit User 1-8,,true,,2048,421,10,10,0,0,0
1523864825989,1,Debug Sampler,200,OK,EventKit User 1-8,text,true,,1730,0,10,10,0,0,0
1523864281710,15494,/api/login/?next=/api/docs,200,"Number of samples in transaction : 57, number of failing samples : 0",EventKit User 1-8,,true,,488129,31759,10,10,13813,528803,860
1523864825552,474, /api/jobs/a901d8ef-37a0-474e-9451-38bacc2cbdf9,204,No Content,EventKit User 1-2,,true,,2048,421,10,10,0,0,0
1523864826027,0,Debug Sampler,200,OK,EventKit User 1-2,text,true,,1730,0,10,10,0,0,0
1523864281709,15461,/api/login/?next=/api/docs,200,"Number of samples in transaction : 57, number of failing samples : 0",EventKit User 1-2,,true,,491081,31738,10,10,14237,528874,1046
1523864825632,405,Job 0ae9a1de-f2ef-4cfb-bc52-e87a53d60aad COMPLETED 470 seconds,200,OK,EventKit User 1-10,text,true,,8287,534,10,10,404,0,0
1523864825783,276,Job d6137e9c-cc4c-4277-9227-9721d6e9031e INCOMPLETE 470 seconds,200,OK,EventKit User 1-3,text,true,,7602,534,10,10,275,0,0
1523864825991,103, /api/formats,200,OK,EventKit User 1-8,text,true,,2904,757,10,10,102,0,0
1523864825990,103, /api/formats,200,"Number of samples in transaction : 1, number of failing samples : 0",EventKit User 1-8,,true,,2904,757,10,10,102,1,0
1523864825832,283,/api/runs?job_uid=297206f0-dff0-4dcc-8d6a-fcc02880b446,200,OK,EventKit User 1-1,text,true,,7580,534,10,10,282,0,7
1523864826027,91, /api/formats,200,OK,EventKit User 1-2,text,true,,2904,757,10,10,91,0,0
1523864826027,91, /api/formats,200,"Number of samples in transaction : 1, number of failing samples : 0",EventKit User 1-2,,true,,2904,757,10,10,91,0,0
1523864286894,539243,Transaction Controller,200,"Number of samples in transaction : 48, number of failing samples : 0",EventKit User 1-1,,true,,349188,25632,10,10,10346,0,673
1523864826118,76, /api/formats/gpkg,200,OK,EventKit User 1-2,text,true,,2173,741,10,10,76,0,0
1523864826118,76, /api/formats/gpkg,200,"Number of samples in transaction : 1, number of failing samples : 0",EventKit User 1-2,,true,,2173,741,10,10,76,0,0
1523864826094,214, /api/formats/gpkg,200,OK,EventKit User 1-8,text,true,,2173,741,10,10,214,0,0
1523864826094,214, /api/formats/gpkg,200,"Number of samples in transaction : 1, number of failing samples : 0",EventKit User 1-8,,true,,2173,741,10,10,214,0,0
1523864825934,436,Job 094090c2-8118-4242-9275-cc2f98fcbec8 INCOMPLETE 470 seconds,200,OK,EventKit User 1-7,text,true,,7600,534,10,10,435,0,0
1523864826309,89, /api/jobs,200,OK,EventKit User 1-8,text,true,,2093,791,10,10,89,0,0
1523864826308,89, /api/jobs,200,"Number of samples in transaction : 1, number of failing samples : 0",EventKit User 1-8,,true,,2093,791,10,10,89,1,0
1523864826194,224, /api/jobs,200,OK,EventKit User 1-2,text,true,,2094,791,9,9,224,0,0
1523864826194,224, /api/jobs,200,"Number of samples in transaction : 1, number of failing samples : 0",EventKit User 1-2,,true,,2094,791,9,9,224,0,0
1523864826121,347,Job 297206f0-dff0-4dcc-8d6a-fcc02880b446 INCOMPLETE 470 seconds,200,OK,EventKit User 1-1,text,true,,7602,534,8,8,345,0,0
1523864826059,459, /api/jobs/d6137e9c-cc4c-4277-9227-9721d6e9031e,204,No Content,EventKit User 1-3,,true,,2048,421,8,8,0,0,0
1523864826518,0,Debug Sampler,200,OK,EventKit User 1-3,text,true,,1728,0,8,8,0,0,0
1523864281724,15985,/api/login/?next=/api/docs,200,"Number of samples in transaction : 57, number of failing samples : 0",EventKit User 1-3,,true,,491047,31703,8,8,15072,528827,660
1523864826519,51, /api/formats,200,OK,EventKit User 1-3,text,true,,2904,757,8,8,51,0,0
1523864826519,51, /api/formats,200,"Number of samples in transaction : 1, number of failing samples : 0",EventKit User 1-3,,true,,2904,757,8,8,51,1,0
1523864826571,54, /api/formats/gpkg,200,OK,EventKit User 1-3,text,true,,2173,741,8,8,54,0,0
1523864826571,54, /api/formats/gpkg,200,"Number of samples in transaction : 1, number of failing samples : 0",EventKit User 1-3,,true,,2173,741,8,8,54,0,0
1523864826371,262, /api/jobs/094090c2-8118-4242-9275-cc2f98fcbec8,204,No Content,EventKit User 1-7,,true,,2047,421,8,8,0,0,0
1523864826633,0,Debug Sampler,200,OK,EventKit User 1-7,text,true,,1730,0,8,8,0,0,0
1523864281709,16138,/api/login/?next=/api/docs,200,"Number of samples in transaction : 57, number of failing samples : 0",EventKit User 1-7,,true,,487985,31717,8,8,15272,528803,795
1523864826037,601, /api/jobs/0ae9a1de-f2ef-4cfb-bc52-e87a53d60aad,204,No Content,EventKit User 1-10,,true,,2048,421,8,8,0,0,0
1523864826638,0,Debug Sampler,200,OK,EventKit User 1-10,text,true,,1730,0,8,8,0,0,0
1523864281709,16176,/api/login/?next=/api/docs,200,"Number of samples in transaction : 57, number of failing samples : 0",EventKit User 1-10,,true,,491278,31745,8,8,14020,528770,1280
1523864826626,52, /api/jobs,200,OK,EventKit User 1-3,text,true,,2094,791,8,8,52,0,0
1523864826625,52, /api/jobs,200,"Number of samples in transaction : 1, number of failing samples : 0",EventKit User 1-3,,true,,2094,791,8,8,52,1,0
1523864826634,55, /api/formats,200,OK,EventKit User 1-7,text,true,,2902,757,7,7,54,0,0
1523864826633,55, /api/formats,200,"Number of samples in transaction : 1, number of failing samples : 0",EventKit User 1-7,,true,,2902,757,7,7,54,1,0
1523864826638,58, /api/formats,200,OK,EventKit User 1-10,text,true,,2904,757,7,7,58,0,0
1523864826638,58, /api/formats,200,"Number of samples in transaction : 1, number of failing samples : 0",EventKit User 1-10,,true,,2904,757,7,7,58,1,0
1523864826468,241, /api/jobs/297206f0-dff0-4dcc-8d6a-fcc02880b446,204,No Content,EventKit User 1-1,,true,,2048,421,7,7,0,0,0
1523864826709,0,Debug Sampler,200,OK,EventKit User 1-1,text,true,,1730,0,7,7,0,0,0
1523864281710,16198,/api/login/?next=/api/docs,200,"Number of samples in transaction : 57, number of failing samples : 0",EventKit User 1-1,,true,,488029,31759,7,7,15053,528818,684
1523864826689,86, /api/formats/gpkg,200,OK,EventKit User 1-7,text,true,,2172,741,7,7,86,0,0
1523864826689,86, /api/formats/gpkg,200,"Number of samples in transaction : 1, number of failing samples : 0",EventKit User 1-7,,true,,2172,741,7,7,86,0,0
1523864826709,67, /api/formats,200,OK,EventKit User 1-1,text,true,,2904,757,7,7,67,0,0
1523864826709,67, /api/formats,200,"Number of samples in transaction : 1, number of failing samples : 0",EventKit User 1-1,,true,,2904,757,7,7,67,1,0
1523864826697,89, /api/formats/gpkg,200,OK,EventKit User 1-10,text,true,,2173,741,7,7,88,0,0
1523864826697,89, /api/formats/gpkg,200,"Number of samples in transaction : 1, number of failing samples : 0",EventKit User 1-10,,true,,2173,741,7,7,88,0,0
1523864826776,55, /api/jobs,200,OK,EventKit User 1-7,text,true,,2093,791,7,7,55,0,0
1523864826775,55, /api/jobs,200,"Number of samples in transaction : 1, number of failing samples : 0",EventKit User 1-7,,true,,2093,791,7,7,55,1,0
1523864826777,74, /api/formats/gpkg,200,OK,EventKit User 1-1,text,true,,2173,741,6,6,74,0,0
1523864826777,74, /api/formats/gpkg,200,"Number of samples in transaction : 1, number of failing samples : 0",EventKit User 1-1,,true,,2173,741,6,6,74,0,0
1523864826786,77, /api/jobs,200,OK,EventKit User 1-10,text,true,,2094,791,6,6,77,0,0
1523864826786,77, /api/jobs,200,"Number of samples in transaction : 1, number of failing samples : 0",EventKit User 1-10,,true,,2094,791,6,6,77,1,0
1523864826694,210,/api/runs?job_uid=a1118865-6274-471f-b734-fb9d24917276,200,OK,EventKit User 1-9,text,true,,7582,534,5,5,209,0,50
1523864286833,540090,Transaction Controller,200,"Number of samples in transaction : 48, number of failing samples : 0",EventKit User 1-9,,true,,352238,25632,5,5,11225,0,788
1523864826851,62, /api/jobs,200,OK,EventKit User 1-1,text,true,,2094,791,5,5,62,0,0
1523864826851,62, /api/jobs,200,"Number of samples in transaction : 1, number of failing samples : 0",EventKit User 1-1,,true,,2094,791,5,5,62,0,0
1523864826906,123,Job a1118865-6274-471f-b734-fb9d24917276 INCOMPLETE 470 seconds,200,OK,EventKit User 1-9,text,true,,7604,534,4,4,121,0,0
1523864827012,159,/api/runs?job_uid=b96cf5ab-b949-41a4-b18d-8a887d86ecaf,200,OK,EventKit User 1-6,text,true,,7267,534,4,4,157,0,14
1523864827029,213, /api/jobs/a1118865-6274-471f-b734-fb9d24917276,204,No Content,EventKit User 1-9,,true,,2047,421,4,4,0,0,0
1523864827242,0,Debug Sampler,200,OK,EventKit User 1-9,text,true,,1730,0,4,4,0,0,0
1523864281710,16751,/api/login/?next=/api/docs,200,"Number of samples in transaction : 57, number of failing samples : 0",EventKit User 1-9,,true,,491046,31773,4,4,16195,528798,808
1523864827109,152,/api/runs?job_uid=d9eba8b2-1119-481d-b817-a433aecac6bb,200,OK,EventKit User 1-5,text,true,,7261,534,4,4,151,0,13
1523864827242,40, /api/formats,200,OK,EventKit User 1-9,text,true,,2904,757,4,4,39,0,0
1523864827242,40, /api/formats,200,"Number of samples in transaction : 1, number of failing samples : 0",EventKit User 1-9,,true,,2904,757,4,4,39,0,0
1523864827282,52, /api/formats/gpkg,200,OK,EventKit User 1-9,text,true,,2173,741,4,4,52,0,0
1523864827282,52, /api/formats/gpkg,200,"Number of samples in transaction : 1, number of failing samples : 0",EventKit User 1-9,,true,,2173,741,4,4,52,1,0
1523864827335,53, /api/jobs,200,OK,EventKit User 1-9,text,true,,2094,791,4,4,52,0,0
1523864827335,53, /api/jobs,200,"Number of samples in transaction : 1, number of failing samples : 0",EventKit User 1-9,,true,,2094,791,4,4,52,0,0
1523864836941,120,/api/runs?job_uid=9eeea22a-2710-482f-9a67-8e14513260a3,200,OK,EventKit User 1-4,text,true,,7267,534,3,3,120,0,11
1523864838182,136,/api/runs?job_uid=b96cf5ab-b949-41a4-b18d-8a887d86ecaf,200,OK,EventKit User 1-6,text,true,,7267,534,3,3,134,0,16
1523864838271,136,/api/runs?job_uid=d9eba8b2-1119-481d-b817-a433aecac6bb,200,OK,EventKit User 1-5,text,true,,7261,534,3,3,135,0,9
1523864848072,117,/api/runs?job_uid=9eeea22a-2710-482f-9a67-8e14513260a3,200,OK,EventKit User 1-4,text,true,,7265,534,3,3,116,0,11
1523864849326,121,/api/runs?job_uid=b96cf5ab-b949-41a4-b18d-8a887d86ecaf,200,OK,EventKit User 1-6,text,true,,7269,534,3,3,120,0,10
1523864849420,119,/api/runs?job_uid=d9eba8b2-1119-481d-b817-a433aecac6bb,200,OK,EventKit User 1-5,text,true,,7263,534,3,3,116,0,11
1523864859200,151,/api/runs?job_uid=9eeea22a-2710-482f-9a67-8e14513260a3,200,OK,EventKit User 1-4,text,true,,7269,534,3,3,149,0,36
1523864860460,123,/api/runs?job_uid=b96cf5ab-b949-41a4-b18d-8a887d86ecaf,200,OK,EventKit User 1-6,text,true,,7265,534,3,3,122,0,11
1523864860551,150,/api/runs?job_uid=d9eba8b2-1119-481d-b817-a433aecac6bb,200,OK,EventKit User 1-5,text,true,,7261,534,3,3,150,0,31
1523864870359,140,/api/runs?job_uid=9eeea22a-2710-482f-9a67-8e14513260a3,200,OK,EventKit User 1-4,text,true,,7265,534,3,3,140,0,28
1523864871589,122,/api/runs?job_uid=b96cf5ab-b949-41a4-b18d-8a887d86ecaf,200,OK,EventKit User 1-6,text,true,,7265,534,3,3,121,0,14
1523864871710,115,/api/runs?job_uid=d9eba8b2-1119-481d-b817-a433aecac6bb,200,OK,EventKit User 1-5,text,true,,7261,534,3,3,113,0,10
1523864881507,168,/api/runs?job_uid=9eeea22a-2710-482f-9a67-8e14513260a3,200,OK,EventKit User 1-4,text,true,,7267,534,3,3,166,0,31
1523864882727,124,/api/runs?job_uid=b96cf5ab-b949-41a4-b18d-8a887d86ecaf,200,OK,EventKit User 1-6,text,true,,7267,534,3,3,123,0,13
1523864882841,129,/api/runs?job_uid=d9eba8b2-1119-481d-b817-a433aecac6bb,200,OK,EventKit User 1-5,text,true,,7261,534,3,3,128,0,10
1523864892692,126,/api/runs?job_uid=9eeea22a-2710-482f-9a67-8e14513260a3,200,OK,EventKit User 1-4,text,true,,7267,534,3,3,125,0,11
1523864893859,144,/api/runs?job_uid=b96cf5ab-b949-41a4-b18d-8a887d86ecaf,200,OK,EventKit User 1-6,text,true,,7267,534,3,3,144,0,20
1523864893986,157,/api/runs?job_uid=d9eba8b2-1119-481d-b817-a433aecac6bb,200,OK,EventKit User 1-5,text,true,,7263,534,3,3,155,0,24
1523864903830,120,/api/runs?job_uid=9eeea22a-2710-482f-9a67-8e14513260a3,200,OK,EventKit User 1-4,text,true,,7267,534,3,3,119,0,11
1523864905009,127,/api/runs?job_uid=b96cf5ab-b949-41a4-b18d-8a887d86ecaf,200,OK,EventKit User 1-6,text,true,,7269,534,3,3,125,0,14
1523864905152,125,/api/runs?job_uid=d9eba8b2-1119-481d-b817-a433aecac6bb,200,OK,EventKit User 1-5,text,true,,7261,534,3,3,124,0,20
1523864914967,112,/api/runs?job_uid=9eeea22a-2710-482f-9a67-8e14513260a3,200,OK,EventKit User 1-4,text,true,,7265,534,3,3,112,0,9
1523864916152,274,/api/runs?job_uid=b96cf5ab-b949-41a4-b18d-8a887d86ecaf,200,OK,EventKit User 1-6,text,true,,7265,534,3,3,273,0,23
1523864916285,267,/api/runs?job_uid=d9eba8b2-1119-481d-b817-a433aecac6bb,200,OK,EventKit User 1-5,text,true,,7265,534,3,3,264,0,154
1523864926094,131,/api/runs?job_uid=9eeea22a-2710-482f-9a67-8e14513260a3,200,OK,EventKit User 1-4,text,true,,7265,534,3,3,131,0,20
1523864927434,125,/api/runs?job_uid=b96cf5ab-b949-41a4-b18d-8a887d86ecaf,200,OK,EventKit User 1-6,text,true,,7265,534,3,3,123,0,9
1523864927559,127,/api/runs?job_uid=d9eba8b2-1119-481d-b817-a433aecac6bb,200,OK,EventKit User 1-5,text,true,,7263,534,3,3,127,0,14
1523864937239,120,/api/runs?job_uid=9eeea22a-2710-482f-9a67-8e14513260a3,200,OK,EventKit User 1-4,text,true,,7271,534,3,3,119,0,9
1523864938572,114,/api/runs?job_uid=b96cf5ab-b949-41a4-b18d-8a887d86ecaf,200,OK,EventKit User 1-6,text,true,,7265,534,3,3,114,0,8
1523864938693,125,/api/runs?job_uid=d9eba8b2-1119-481d-b817-a433aecac6bb,200,OK,EventKit User 1-5,text,true,,7263,534,3,3,123,0,11
1523864948374,128,/api/runs?job_uid=9eeea22a-2710-482f-9a67-8e14513260a3,200,OK,EventKit User 1-4,text,true,,7265,534,3,3,128,0,10
1523864949691,122,/api/runs?job_uid=b96cf5ab-b949-41a4-b18d-8a887d86ecaf,200,OK,EventKit User 1-6,text,true,,7267,534,3,3,122,0,13
1523864949831,121,/api/runs?job_uid=d9eba8b2-1119-481d-b817-a433aecac6bb,200,OK,EventKit User 1-5,text,true,,7263,534,3,3,119,0,10
1523864959512,138,/api/runs?job_uid=9eeea22a-2710-482f-9a67-8e14513260a3,200,OK,EventKit User 1-4,text,true,,7265,534,3,3,138,0,11
1523864960829,116,/api/runs?job_uid=b96cf5ab-b949-41a4-b18d-8a887d86ecaf,200,OK,EventKit User 1-6,text,true,,7267,534,3,3,115,0,10
1523864960963,114,/api/runs?job_uid=d9eba8b2-1119-481d-b817-a433aecac6bb,200,OK,EventKit User 1-5,text,true,,7263,534,3,3,114,0,11
1523864970667,144,/api/runs?job_uid=9eeea22a-2710-482f-9a67-8e14513260a3,200,OK,EventKit User 1-4,text,true,,7269,534,3,3,143,0,13
1523864971956,117,/api/runs?job_uid=b96cf5ab-b949-41a4-b18d-8a887d86ecaf,200,OK,EventKit User 1-6,text,true,,7267,534,3,3,115,0,7
1523864972089,113,/api/runs?job_uid=d9eba8b2-1119-481d-b817-a433aecac6bb,200,OK,EventKit User 1-5,text,true,,7263,534,3,3,112,0,9
1523864981821,116,/api/runs?job_uid=9eeea22a-2710-482f-9a67-8e14513260a3,200,OK,EventKit User 1-4,text,true,,7269,534,3,3,116,0,8
1523864983089,134,/api/runs?job_uid=b96cf5ab-b949-41a4-b18d-8a887d86ecaf,200,OK,EventKit User 1-6,text,true,,7267,534,3,3,131,0,18
1523864983208,122,/api/runs?job_uid=d9eba8b2-1119-481d-b817-a433aecac6bb,200,OK,EventKit User 1-5,text,true,,7261,534,3,3,119,0,15
1523864992948,150,/api/runs?job_uid=9eeea22a-2710-482f-9a67-8e14513260a3,200,OK,EventKit User 1-4,text,true,,7265,534,3,3,149,0,26
1523864994230,114,/api/runs?job_uid=b96cf5ab-b949-41a4-b18d-8a887d86ecaf,200,OK,EventKit User 1-6,text,true,,7265,534,3,3,113,0,8
1523864994343,142,/api/runs?job_uid=d9eba8b2-1119-481d-b817-a433aecac6bb,200,OK,EventKit User 1-5,text,true,,7263,534,3,3,141,0,6
1523865004108,146,/api/runs?job_uid=9eeea22a-2710-482f-9a67-8e14513260a3,200,OK,EventKit User 1-4,text,true,,7265,534,3,3,144,0,16
1523865005356,154,/api/runs?job_uid=b96cf5ab-b949-41a4-b18d-8a887d86ecaf,200,OK,EventKit User 1-6,text,true,,7267,534,3,3,154,0,8
1523865005495,150,/api/runs?job_uid=d9eba8b2-1119-481d-b817-a433aecac6bb,200,OK,EventKit User 1-5,text,true,,7263,534,3,3,147,0,15
1523865015269,166,/api/runs?job_uid=9eeea22a-2710-482f-9a67-8e14513260a3,200,OK,EventKit User 1-4,text,true,,7582,534,3,3,163,0,22
1523864287017,728444,Transaction Controller,200,"Number of samples in transaction : 65, number of failing samples : 0",EventKit User 1-4,,true,,472522,34710,3,3,12444,0,958
1523865015439,143,Job 9eeea22a-2710-482f-9a67-8e14513260a3 INCOMPLETE 640 seconds,200,OK,EventKit User 1-4,text,true,,7604,534,3,3,143,0,0
1523865015583,220, /api/jobs/9eeea22a-2710-482f-9a67-8e14513260a3,204,No Content,EventKit User 1-4,,true,,2048,421,3,3,0,0,0
1523865015803,0,Debug Sampler,200,OK,EventKit User 1-4,text,true,,1730,0,3,3,0,0,0
1523864281709,18199,/api/login/?next=/api/docs,200,"Number of samples in transaction : 74, number of failing samples : 0",EventKit User 1-4,,true,,611345,40816,3,3,16245,715918,976
1523865015803,50, /api/formats,200,OK,EventKit User 1-4,text,true,,2904,757,3,3,50,0,0
1523865015803,50, /api/formats,200,"Number of samples in transaction : 1, number of failing samples : 0",EventKit User 1-4,,true,,2904,757,3,3,50,0,0
1523865015854,38, /api/formats/gpkg,200,OK,EventKit User 1-4,text,true,,2173,741,3,3,38,0,0
1523865015853,38, /api/formats/gpkg,200,"Number of samples in transaction : 1, number of failing samples : 0",EventKit User 1-4,,true,,2173,741,3,3,38,1,0
1523865015892,45, /api/jobs,200,OK,EventKit User 1-4,text,true,,2094,791,3,3,45,0,0
1523865015892,45, /api/jobs,200,"Number of samples in transaction : 1, number of failing samples : 0",EventKit User 1-4,,true,,2094,791,3,3,45,0,0
1523865016527,126,/api/runs?job_uid=b96cf5ab-b949-41a4-b18d-8a887d86ecaf,200,OK,EventKit User 1-6,text,true,,7265,534,2,2,125,0,13
1523865016656,161,/api/runs?job_uid=d9eba8b2-1119-481d-b817-a433aecac6bb,200,OK,EventKit User 1-5,text,true,,7576,534,2,2,160,0,6
1523864286974,729869,Transaction Controller,200,"Number of samples in transaction : 65, number of failing samples : 0",EventKit User 1-5,,true,,472271,34710,2,2,13909,0,1051
1523865016821,127,Job d9eba8b2-1119-481d-b817-a433aecac6bb INCOMPLETE 640 seconds,200,OK,EventKit User 1-5,text,true,,7596,534,2,2,127,0,0
1523865016949,156, /api/jobs/d9eba8b2-1119-481d-b817-a433aecac6bb,204,No Content,EventKit User 1-5,,true,,2045,421,2,2,0,0,0
1523865017105,0,Debug Sampler,200,OK,EventKit User 1-5,text,true,,1730,0,2,2,0,0,0
1523864281709,19539,/api/login/?next=/api/docs,200,"Number of samples in transaction : 74, number of failing samples : 0",EventKit User 1-5,,true,,611079,40788,2,2,18330,715880,1087
1523865017105,33, /api/formats,200,OK,EventKit User 1-5,text,true,,2902,757,2,2,33,0,0
1523865017105,33, /api/formats,200,"Number of samples in transaction : 1, number of failing samples : 0",EventKit User 1-5,,true,,2902,757,2,2,33,0,0
1523865017138,31, /api/formats/gpkg,200,OK,EventKit User 1-5,text,true,,2171,741,2,2,31,0,0
1523865017138,31, /api/formats/gpkg,200,"Number of samples in transaction : 1, number of failing samples : 0",EventKit User 1-5,,true,,2171,741,2,2,31,0,0
1523865017170,35, /api/jobs,200,OK,EventKit User 1-5,text,true,,2092,791,2,2,35,0,0
1523865017169,35, /api/jobs,200,"Number of samples in transaction : 1, number of failing samples : 0",EventKit User 1-5,,true,,2092,791,2,2,35,2,0
1523865027663,137,/api/runs?job_uid=b96cf5ab-b949-41a4-b18d-8a887d86ecaf,200,OK,EventKit User 1-6,text,true,,7267,534,1,1,135,0,28
1523865038809,150,/api/runs?job_uid=b96cf5ab-b949-41a4-b18d-8a887d86ecaf,200,OK,EventKit User 1-6,text,true,,7265,534,1,1,148,0,14
1523865049970,172,/api/runs?job_uid=b96cf5ab-b949-41a4-b18d-8a887d86ecaf,200,OK,EventKit User 1-6,text,true,,7271,534,1,1,170,0,13
1523865061154,169,/api/runs?job_uid=b96cf5ab-b949-41a4-b18d-8a887d86ecaf,200,OK,EventKit User 1-6,text,true,,7269,534,1,1,161,0,47
1523865072339,209,/api/runs?job_uid=b96cf5ab-b949-41a4-b18d-8a887d86ecaf,200,OK,EventKit User 1-6,text,true,,7265,534,1,1,207,0,17
1523865083562,137,/api/runs?job_uid=b96cf5ab-b949-41a4-b18d-8a887d86ecaf,200,OK,EventKit User 1-6,text,true,,7265,534,1,1,136,0,14
1523865094707,238,/api/runs?job_uid=b96cf5ab-b949-41a4-b18d-8a887d86ecaf,200,OK,EventKit User 1-6,text,true,,7265,534,1,1,237,0,29
1523865105954,131,/api/runs?job_uid=b96cf5ab-b949-41a4-b18d-8a887d86ecaf,200,OK,EventKit User 1-6,text,true,,7265,534,1,1,131,0,11
1523865117091,132,/api/runs?job_uid=b96cf5ab-b949-41a4-b18d-8a887d86ecaf,200,OK,EventKit User 1-6,text,true,,7265,534,1,1,130,0,18
1523865128228,141,/api/runs?job_uid=b96cf5ab-b949-41a4-b18d-8a887d86ecaf,200,OK,EventKit User 1-6,text,true,,7267,534,1,1,140,0,34
1523865139378,126,/api/runs?job_uid=b96cf5ab-b949-41a4-b18d-8a887d86ecaf,200,OK,EventKit User 1-6,text,true,,7269,534,1,1,126,0,7
1523865150512,163,/api/runs?job_uid=b96cf5ab-b949-41a4-b18d-8a887d86ecaf,200,OK,EventKit User 1-6,text,true,,7268,534,1,1,160,0,22
1523865161687,145,/api/runs?job_uid=b96cf5ab-b949-41a4-b18d-8a887d86ecaf,200,OK,EventKit User 1-6,text,true,,7600,534,1,1,145,0,29
1523865172849,164,/api/runs?job_uid=b96cf5ab-b949-41a4-b18d-8a887d86ecaf,200,OK,EventKit User 1-6,text,true,,8261,534,1,1,162,0,8
1523864286923,886121,Transaction Controller,200,"Number of samples in transaction : 79, number of failing samples : 0",EventKit User 1-6,,true,,575287,42186,1,1,15966,0,1216
1523865173017,131,Job b96cf5ab-b949-41a4-b18d-8a887d86ecaf COMPLETED 780 seconds,200,OK,EventKit User 1-6,text,true,,8281,534,1,1,131,0,0
1523865173148,265, /api/jobs/b96cf5ab-b949-41a4-b18d-8a887d86ecaf,204,No Content,EventKit User 1-6,,true,,2047,421,1,1,0,0,0
1523865173413,0,Debug Sampler,200,OK,EventKit User 1-6,text,true,,1728,0,1,1,0,0,0
1523864281724,21669,/api/login/?next=/api/docs,200,"Number of samples in transaction : 88, number of failing samples : 0",EventKit User 1-6,,true,,714798,48264,1,1,19531,870048,1236
1523865173413,36, /api/formats,200,OK,EventKit User 1-6,text,true,,2903,757,1,1,36,0,0
1523865173413,36, /api/formats,200,"Number of samples in transaction : 1, number of failing samples : 0",EventKit User 1-6,,true,,2903,757,1,1,36,0,0
1523865173449,51, /api/formats/gpkg,200,OK,EventKit User 1-6,text,true,,2172,741,1,1,51,0,0
1523865173449,51, /api/formats/gpkg,200,"Number of samples in transaction : 1, number of failing samples : 0",EventKit User 1-6,,true,,2172,741,1,1,51,0,0
1523865173500,57, /api/jobs,200,OK,EventKit User 1-6,text,true,,2093,791,1,1,57,0,0
1523865173500,57, /api/jobs,200,"Number of samples in transaction : 1, number of failing samples : 0",EventKit User 1-6,,true,,2093,791,1,1,57,0,0
